"","","","2021 [2021]","2021 [2021]","2021 [2021]","2021 [2021]","2022 [2022]","2022 [2022]","2022 [2022]","2022 [2022]","2023 [2023]","2023 [2023]","2023 [2023]","2023 [2023]"
"","","","Unité","Valeur","Description du Symbole","Note","Unité","Valeur","Description du Symbole","Note","Unité","Valeur","Description du Symbole","Note"
"Afghanistan [AFG]","Population totale [511]","Population-Estimations [3010]","1000 No","40000.412","Ciffre de sources internationales [X]","","1000 No","40578.842","Ciffre de sources internationales [X]","","1000 No","41454.761","Ciffre de sources internationales [X]",""
"Afrique du Sud [ZAF]","Population totale [511]","Population-Estimations [3010]","1000 No","61502.603","Ciffre de sources internationales [X]","","1000 No","62378.41","Ciffre de sources internationales [X]","","1000 No","63212.384","Ciffre de sources internationales [X]",""
"Albanie [ALB]","Population totale [511]","Population-Estimations [3010]","1000 No","2849.635","Ciffre de sources internationales [X]","","1000 No","2827.608","Ciffre de sources internationales [X]","","1000 No","2811.655","Ciffre de sources internationales [X]",""
"Algérie [DZA]","Population totale [511]","Population-Estimations [3010]","1000 No","44761.099","Ciffre de sources internationales [X]","","1000 No","45477.389","Ciffre de sources internationales [X]","","1000 No","46164.219","Ciffre de sources internationales [X]",""
"Allemagne [DEU]","Population totale [511]","Population-Estimations [3010]","1000 No","83697.083","Ciffre de sources internationales [X]","","1000 No","84086.227","Ciffre de sources internationales [X]","","1000 No","84548.231","Ciffre de sources internationales [X]",""
"Andorre [AND]","Population totale [511]","Population-Estimations [3010]","1000 No","78.364","Ciffre de sources internationales [X]","","1000 No","79.705","Ciffre de sources internationales [X]","","1000 No","80.856","Ciffre de sources internationales [X]",""
"Angola [AGO]","Population totale [511]","Population-Estimations [3010]","1000 No","34532.429","Ciffre de sources internationales [X]","","1000 No","35635.029","Ciffre de sources internationales [X]","","1000 No","36749.906","Ciffre de sources internationales [X]",""
"Anguilla [AIA]","Population totale [511]","Population-Estimations [3010]","1000 No","14.475","Ciffre de sources internationales [X]","","1000 No","14.18","Ciffre de sources internationales [X]","","1000 No","14.41","Ciffre de sources internationales [X]",""
"Antigua-et-Barbuda [ATG]","Population totale [511]","Population-Estimations [3010]","1000 No","92.349","Ciffre de sources internationales [X]","","1000 No","92.84","Ciffre de sources internationales [X]","","1000 No","93.316","Ciffre de sources internationales [X]",""
"Antilles néerlandaises (ex) [ANT]","Population totale [511]","Population-Estimations [3010]","","","","","","","","","","","",""
"Arabie saoudite [SAU]","Population totale [511]","Population-Estimations [3010]","1000 No","31328.375","Ciffre de sources internationales [X]","","1000 No","32175.352","Ciffre de sources internationales [X]","","1000 No","33264.292","Ciffre de sources internationales [X]",""
"Argentine [ARG]","Population totale [511]","Population-Estimations [3010]","1000 No","45312.281","Ciffre de sources internationales [X]","","1000 No","45407.904","Ciffre de sources internationales [X]","","1000 No","45538.401","Ciffre de sources internationales [X]",""
"Arménie [ARM]","Population totale [511]","Population-Estimations [3010]","1000 No","2870.349","Ciffre de sources internationales [X]","","1000 No","2880.874","Ciffre de sources internationales [X]","","1000 No","2943.393","Ciffre de sources internationales [X]",""
"Aruba [ABW]","Population totale [511]","Population-Estimations [3010]","1000 No","107.558","Ciffre de sources internationales [X]","","1000 No","107.782","Ciffre de sources internationales [X]","","1000 No","107.939","Ciffre de sources internationales [X]",""
"Ascension, Sainte-Hélène et Tristan da Cunha [SHN]","Population totale [511]","Population-Estimations [3010]","1000 No","5.39","Ciffre de sources internationales [X]","","1000 No","5.343","Ciffre de sources internationales [X]","","1000 No","5.289","Ciffre de sources internationales [X]",""
"Australie [AUS]","Population totale [511]","Population-Estimations [3010]","1000 No","25956.418","Ciffre de sources internationales [X]","","1000 No","26200.984","Ciffre de sources internationales [X]","","1000 No","26451.124","Ciffre de sources internationales [X]",""
"Autriche [AUT]","Population totale [511]","Population-Estimations [3010]","1000 No","8967.057","Ciffre de sources internationales [X]","","1000 No","9064.677","Ciffre de sources internationales [X]","","1000 No","9130.429","Ciffre de sources internationales [X]",""
"Azerbaïdjan [AZE]","Population totale [511]","Population-Estimations [3010]","1000 No","10234.371","Ciffre de sources internationales [X]","","1000 No","10295.304","Ciffre de sources internationales [X]","","1000 No","10318.207","Ciffre de sources internationales [X]",""
"Bahamas [BHS]","Population totale [511]","Population-Estimations [3010]","1000 No","396.373","Ciffre de sources internationales [X]","","1000 No","397.538","Ciffre de sources internationales [X]","","1000 No","399.44","Ciffre de sources internationales [X]",""
"Bahreïn [BHR]","Population totale [511]","Population-Estimations [3010]","1000 No","1501.764","Ciffre de sources internationales [X]","","1000 No","1533.459","Ciffre de sources internationales [X]","","1000 No","1569.666","Ciffre de sources internationales [X]",""
"Bangladesh [BGD]","Population totale [511]","Population-Estimations [3010]","1000 No","167658.855","Ciffre de sources internationales [X]","","1000 No","169384.897","Ciffre de sources internationales [X]","","1000 No","171466.99","Ciffre de sources internationales [X]",""
"Barbade [BRB]","Population totale [511]","Population-Estimations [3010]","1000 No","282.147","Ciffre de sources internationales [X]","","1000 No","282.318","Ciffre de sources internationales [X]","","1000 No","282.336","Ciffre de sources internationales [X]",""
"Belgique [BEL]","Population totale [511]","Population-Estimations [3010]","1000 No","11570.844","Ciffre de sources internationales [X]","","1000 No","11641.82","Ciffre de sources internationales [X]","","1000 No","11712.893","Ciffre de sources internationales [X]",""
"Belgique-Luxembourg [F15]","Population totale [511]","Population-Estimations [3010]","","","","","","","","","","","",""
"Belize [BLZ]","Population totale [511]","Population-Estimations [3010]","1000 No","395.346","Ciffre de sources internationales [X]","","1000 No","402.733","Ciffre de sources internationales [X]","","1000 No","411.106","Ciffre de sources internationales [X]",""
"Bermudes [BMU]","Population totale [511]","Population-Estimations [3010]","1000 No","64.648","Ciffre de sources internationales [X]","","1000 No","64.749","Ciffre de sources internationales [X]","","1000 No","64.698","Ciffre de sources internationales [X]",""
"Bhoutan [BTN]","Population totale [511]","Population-Estimations [3010]","1000 No","775.442","Ciffre de sources internationales [X]","","1000 No","780.914","Ciffre de sources internationales [X]","","1000 No","786.385","Ciffre de sources internationales [X]",""
"Bolivie (État plurinational de) [BOL]","Population totale [511]","Population-Estimations [3010]","1000 No","11937.36","Ciffre de sources internationales [X]","","1000 No","12077.154","Ciffre de sources internationales [X]","","1000 No","12244.159","Ciffre de sources internationales [X]",""
"Bonaire, Saint-Eustache et Saba [BES]","Population totale [511]","Population-Estimations [3010]","1000 No","27.323","Ciffre de sources internationales [X]","","1000 No","28.627","Ciffre de sources internationales [X]","","1000 No","29.898","Ciffre de sources internationales [X]",""
"Bosnie-Herzégovine [BIH]","Population totale [511]","Population-Estimations [3010]","1000 No","3244.907","Ciffre de sources internationales [X]","","1000 No","3204.802","Ciffre de sources internationales [X]","","1000 No","3185.073","Ciffre de sources internationales [X]",""
"Botswana [BWA]","Population totale [511]","Population-Estimations [3010]","1000 No","2401.441","Ciffre de sources internationales [X]","","1000 No","2439.892","Ciffre de sources internationales [X]","","1000 No","2480.244","Ciffre de sources internationales [X]",""
"Brunéi Darussalam [BRN]","Population totale [511]","Population-Estimations [3010]","1000 No","451.721","Ciffre de sources internationales [X]","","1000 No","455.37","Ciffre de sources internationales [X]","","1000 No","458.949","Ciffre de sources internationales [X]",""
"Brésil [BRA]","Population totale [511]","Population-Estimations [3010]","1000 No","209550.294","Ciffre de sources internationales [X]","","1000 No","210306.415","Ciffre de sources internationales [X]","","1000 No","211140.729","Ciffre de sources internationales [X]",""
"Bulgarie [BGR]","Population totale [511]","Population-Estimations [3010]","1000 No","6877.225","Ciffre de sources internationales [X]","","1000 No","6825.864","Ciffre de sources internationales [X]","","1000 No","6795.803","Ciffre de sources internationales [X]",""
"Burkina Faso [BFA]","Population totale [511]","Population-Estimations [3010]","1000 No","21995.243","Ciffre de sources internationales [X]","","1000 No","22509.038","Ciffre de sources internationales [X]","","1000 No","23025.776","Ciffre de sources internationales [X]",""
"Burundi [BDI]","Population totale [511]","Population-Estimations [3010]","1000 No","12965.481","Ciffre de sources internationales [X]","","1000 No","13321.097","Ciffre de sources internationales [X]","","1000 No","13689.45","Ciffre de sources internationales [X]",""
"Bélarus [BLR]","Population totale [511]","Population-Estimations [3010]","1000 No","9251.365","Ciffre de sources internationales [X]","","1000 No","9173.237","Ciffre de sources internationales [X]","","1000 No","9115.68","Ciffre de sources internationales [X]",""
"Bénin [BEN]","Population totale [511]","Population-Estimations [3010]","1000 No","13413.417","Ciffre de sources internationales [X]","","1000 No","13759.501","Ciffre de sources internationales [X]","","1000 No","14111.034","Ciffre de sources internationales [X]",""
"Cabo Verde [CPV]","Population totale [511]","Population-Estimations [3010]","1000 No","516.649","Ciffre de sources internationales [X]","","1000 No","519.741","Ciffre de sources internationales [X]","","1000 No","522.331","Ciffre de sources internationales [X]",""
"Cambodge [KHM]","Population totale [511]","Population-Estimations [3010]","1000 No","16974.305","Ciffre de sources internationales [X]","","1000 No","17201.724","Ciffre de sources internationales [X]","","1000 No","17423.88","Ciffre de sources internationales [X]",""
"Cameroun [CMR]","Population totale [511]","Population-Estimations [3010]","1000 No","26915.758","Ciffre de sources internationales [X]","","1000 No","27632.771","Ciffre de sources internationales [X]","","1000 No","28372.687","Ciffre de sources internationales [X]",""
"Canada [CAN]","Population totale [511]","Population-Estimations [3010]","1000 No","38454.057","Ciffre de sources internationales [X]","","1000 No","38821.259","Ciffre de sources internationales [X]","","1000 No","39299.105","Ciffre de sources internationales [X]",""
"Chili [CHL]","Population totale [511]","Population-Estimations [3010]","1000 No","19456.334","Ciffre de sources internationales [X]","","1000 No","19553.036","Ciffre de sources internationales [X]","","1000 No","19658.835","Ciffre de sources internationales [X]",""
"Chine - RAS de Hong-Kong [HKG]","Population totale [511]","Population-Estimations [3010]","1000 No","7484.601","Ciffre de sources internationales [X]","","1000 No","7465.915","Ciffre de sources internationales [X]","","1000 No","7442.734","Ciffre de sources internationales [X]",""
"Chine - RAS de Macao [MAC]","Population totale [511]","Population-Estimations [3010]","1000 No","694.402","Ciffre de sources internationales [X]","","1000 No","704.356","Ciffre de sources internationales [X]","","1000 No","713.912","Ciffre de sources internationales [X]",""
"Chine [F351]","Population totale [511]","Population-Estimations [3010]","1000 No","1458174.603","Ciffre de sources internationales [X]","","1000 No","1456769.951","Ciffre de sources internationales [X]","","1000 No","1454058.724","Ciffre de sources internationales [X]",""
"Chine, Taiwan Province de [TWN]","Population totale [511]","Population-Estimations [3010]","1000 No","23558.332","Ciffre de sources internationales [X]","","1000 No","23420.111","Ciffre de sources internationales [X]","","1000 No","23317.145","Ciffre de sources internationales [X]",""
"Chine, continentale [CHN]","Population totale [511]","Population-Estimations [3010]","1000 No","1426437.267","Ciffre de sources internationales [X]","","1000 No","1425179.569","Ciffre de sources internationales [X]","","1000 No","1422584.933","Ciffre de sources internationales [X]",""
"Chypre [CYP]","Population totale [511]","Population-Estimations [3010]","1000 No","1317.309","Ciffre de sources internationales [X]","","1000 No","1331.37","Ciffre de sources internationales [X]","","1000 No","1344.976","Ciffre de sources internationales [X]",""
"Colombie [COL]","Population totale [511]","Population-Estimations [3010]","1000 No","51188.173","Ciffre de sources internationales [X]","","1000 No","51737.944","Ciffre de sources internationales [X]","","1000 No","52321.152","Ciffre de sources internationales [X]",""
"Comores [COM]","Population totale [511]","Population-Estimations [3010]","1000 No","818.174","Ciffre de sources internationales [X]","","1000 No","834.188","Ciffre de sources internationales [X]","","1000 No","850.387","Ciffre de sources internationales [X]",""
"Congo [COG]","Population totale [511]","Population-Estimations [3010]","1000 No","5892.183","Ciffre de sources internationales [X]","","1000 No","6035.104","Ciffre de sources internationales [X]","","1000 No","6182.885","Ciffre de sources internationales [X]",""
"Costa Rica [CRI]","Population totale [511]","Population-Estimations [3010]","1000 No","5059.988","Ciffre de sources internationales [X]","","1000 No","5081.765","Ciffre de sources internationales [X]","","1000 No","5105.525","Ciffre de sources internationales [X]",""
"Croatie [HRV]","Population totale [511]","Population-Estimations [3010]","1000 No","3924.61","Ciffre de sources internationales [X]","","1000 No","3907.027","Ciffre de sources internationales [X]","","1000 No","3896.023","Ciffre de sources internationales [X]",""
"Cuba [CUB]","Population totale [511]","Population-Estimations [3010]","1000 No","11122.168","Ciffre de sources internationales [X]","","1000 No","11059.82","Ciffre de sources internationales [X]","","1000 No","11019.931","Ciffre de sources internationales [X]",""
"Curaçao [CUW]","Population totale [511]","Population-Estimations [3010]","1000 No","185.315","Ciffre de sources internationales [X]","","1000 No","185.345","Ciffre de sources internationales [X]","","1000 No","185.427","Ciffre de sources internationales [X]",""
"Côte d'Ivoire [CIV]","Population totale [511]","Population-Estimations [3010]","1000 No","29639.736","Ciffre de sources internationales [X]","","1000 No","30395.002","Ciffre de sources internationales [X]","","1000 No","31165.654","Ciffre de sources internationales [X]",""
"Danemark [DNK]","Population totale [511]","Population-Estimations [3010]","1000 No","5856.776","Ciffre de sources internationales [X]","","1000 No","5902.904","Ciffre de sources internationales [X]","","1000 No","5948.136","Ciffre de sources internationales [X]",""
"Djibouti [DJI]","Population totale [511]","Population-Estimations [3010]","1000 No","1121.248","Ciffre de sources internationales [X]","","1000 No","1137.096","Ciffre de sources internationales [X]","","1000 No","1152.944","Ciffre de sources internationales [X]",""
"Dominique [DMA]","Population totale [511]","Population-Estimations [3010]","1000 No","67.202","Ciffre de sources internationales [X]","","1000 No","66.826","Ciffre de sources internationales [X]","","1000 No","66.51","Ciffre de sources internationales [X]",""
"El Salvador [SLV]","Population totale [511]","Population-Estimations [3010]","1000 No","6255.782","Ciffre de sources internationales [X]","","1000 No","6280.319","Ciffre de sources internationales [X]","","1000 No","6309.624","Ciffre de sources internationales [X]",""
"Espagne [ESP]","Population totale [511]","Population-Estimations [3010]","1000 No","47735.664","Ciffre de sources internationales [X]","","1000 No","47828.382","Ciffre de sources internationales [X]","","1000 No","47911.579","Ciffre de sources internationales [X]",""
"Estonie [EST]","Population totale [511]","Population-Estimations [3010]","1000 No","1331.749","Ciffre de sources internationales [X]","","1000 No","1350.091","Ciffre de sources internationales [X]","","1000 No","1367.196","Ciffre de sources internationales [X]",""
"Eswatini [SWZ]","Population totale [511]","Population-Estimations [3010]","1000 No","1206.593","Ciffre de sources internationales [X]","","1000 No","1218.917","Ciffre de sources internationales [X]","","1000 No","1230.506","Ciffre de sources internationales [X]",""
"Fidji [FJI]","Population totale [511]","Population-Estimations [3010]","1000 No","916.711","Ciffre de sources internationales [X]","","1000 No","919.422","Ciffre de sources internationales [X]","","1000 No","924.145","Ciffre de sources internationales [X]",""
"Finlande [FIN]","Population totale [511]","Population-Estimations [3010]","1000 No","5541.075","Ciffre de sources internationales [X]","","1000 No","5569.299","Ciffre de sources internationales [X]","","1000 No","5601.185","Ciffre de sources internationales [X]",""
"France [FRA]","Population totale [511]","Population-Estimations [3010]","1000 No","66083.548","Ciffre de sources internationales [X]","","1000 No","66277.409","Ciffre de sources internationales [X]","","1000 No","66438.822","Ciffre de sources internationales [X]",""
"Fédération de Russie [RUS]","Population totale [511]","Population-Estimations [3010]","1000 No","145836.175","Ciffre de sources internationales [X]","","1000 No","145579.899","Ciffre de sources internationales [X]","","1000 No","145440.5","Ciffre de sources internationales [X]",""
"Gabon [GAB]","Population totale [511]","Population-Estimations [3010]","1000 No","2376.722","Ciffre de sources internationales [X]","","1000 No","2430.747","Ciffre de sources internationales [X]","","1000 No","2484.789","Ciffre de sources internationales [X]",""
"Gambie [GMB]","Population totale [511]","Population-Estimations [3010]","1000 No","2576.01","Ciffre de sources internationales [X]","","1000 No","2636.47","Ciffre de sources internationales [X]","","1000 No","2697.845","Ciffre de sources internationales [X]",""
"Ghana [GHA]","Population totale [511]","Population-Estimations [3010]","1000 No","32518.665","Ciffre de sources internationales [X]","","1000 No","33149.152","Ciffre de sources internationales [X]","","1000 No","33787.914","Ciffre de sources internationales [X]",""
"Gibraltar [GIB]","Population totale [511]","Population-Estimations [3010]","1000 No","36.858","Ciffre de sources internationales [X]","","1000 No","37.609","Ciffre de sources internationales [X]","","1000 No","38.471","Ciffre de sources internationales [X]",""
"Grenade [GRD]","Population totale [511]","Population-Estimations [3010]","1000 No","116.688","Ciffre de sources internationales [X]","","1000 No","116.913","Ciffre de sources internationales [X]","","1000 No","117.081","Ciffre de sources internationales [X]",""
"Groenland [GRL]","Population totale [511]","Population-Estimations [3010]","1000 No","56.041","Ciffre de sources internationales [X]","","1000 No","55.99","Ciffre de sources internationales [X]","","1000 No","55.922","Ciffre de sources internationales [X]",""
"Grèce [GRC]","Population totale [511]","Population-Estimations [3010]","1000 No","10579.561","Ciffre de sources internationales [X]","","1000 No","10412.48","Ciffre de sources internationales [X]","","1000 No","10242.908","Ciffre de sources internationales [X]",""
"Guadeloupe [GLP]","Population totale [511]","Population-Estimations [3010]","1000 No","399.151","Ciffre de sources internationales [X]","","1000 No","384.697","Ciffre de sources internationales [X]","","1000 No","376.517","Ciffre de sources internationales [X]",""
"Guam [GUM]","Population totale [511]","Population-Estimations [3010]","1000 No","163.73","Ciffre de sources internationales [X]","","1000 No","165.18","Ciffre de sources internationales [X]","","1000 No","166.506","Ciffre de sources internationales [X]",""
"Guatemala [GTM]","Population totale [511]","Population-Estimations [3010]","1000 No","17598.65","Ciffre de sources internationales [X]","","1000 No","17847.877","Ciffre de sources internationales [X]","","1000 No","18124.838","Ciffre de sources internationales [X]",""
"Guinée [GIN]","Population totale [511]","Population-Estimations [3010]","1000 No","13710.513","Ciffre de sources internationales [X]","","1000 No","14055.137","Ciffre de sources internationales [X]","","1000 No","14405.468","Ciffre de sources internationales [X]",""
"Guinée équatoriale [GNQ]","Population totale [511]","Population-Estimations [3010]","1000 No","1758.786","Ciffre de sources internationales [X]","","1000 No","1803.545","Ciffre de sources internationales [X]","","1000 No","1847.549","Ciffre de sources internationales [X]",""
"Guinée-Bissau [GNB]","Population totale [511]","Population-Estimations [3010]","1000 No","2058.841","Ciffre de sources internationales [X]","","1000 No","2105.529","Ciffre de sources internationales [X]","","1000 No","2153.339","Ciffre de sources internationales [X]",""
"Guyana [GUY]","Population totale [511]","Population-Estimations [3010]","1000 No","815.482","Ciffre de sources internationales [X]","","1000 No","821.637","Ciffre de sources internationales [X]","","1000 No","826.353","Ciffre de sources internationales [X]",""
"Guyane française [GUF]","Population totale [511]","Population-Estimations [3010]","1000 No","293.015","Ciffre de sources internationales [X]","","1000 No","298.306","Ciffre de sources internationales [X]","","1000 No","303.402","Ciffre de sources internationales [X]",""
"Géorgie [GEO]","Population totale [511]","Population-Estimations [3010]","1000 No","3788.451","Ciffre de sources internationales [X]","","1000 No","3794.784","Ciffre de sources internationales [X]","","1000 No","3807.492","Ciffre de sources internationales [X]",""
"Haïti [HTI]","Population totale [511]","Population-Estimations [3010]","1000 No","11374.586","Ciffre de sources internationales [X]","","1000 No","11503.606","Ciffre de sources internationales [X]","","1000 No","11637.398","Ciffre de sources internationales [X]",""
"Honduras [HND]","Population totale [511]","Population-Estimations [3010]","1000 No","10289.877","Ciffre de sources internationales [X]","","1000 No","10463.872","Ciffre de sources internationales [X]","","1000 No","10644.851","Ciffre de sources internationales [X]",""
"Hongrie [HUN]","Population totale [511]","Population-Estimations [3010]","1000 No","9707.85","Ciffre de sources internationales [X]","","1000 No","9684.306","Ciffre de sources internationales [X]","","1000 No","9686.463","Ciffre de sources internationales [X]",""
"Inde [IND]","Population totale [511]","Population-Estimations [3010]","1000 No","1414203.896","Ciffre de sources internationales [X]","","1000 No","1425423.212","Ciffre de sources internationales [X]","","1000 No","1438069.596","Ciffre de sources internationales [X]",""
"Indonésie [IDN]","Population totale [511]","Population-Estimations [3010]","1000 No","276758.053","Ciffre de sources internationales [X]","","1000 No","278830.529","Ciffre de sources internationales [X]","","1000 No","281190.067","Ciffre de sources internationales [X]",""
"Iran (République islamique d') [IRN]","Population totale [511]","Population-Estimations [3010]","1000 No","88455.488","Ciffre de sources internationales [X]","","1000 No","89524.246","Ciffre de sources internationales [X]","","1000 No","90608.707","Ciffre de sources internationales [X]",""
"Iraq [IRQ]","Population totale [511]","Population-Estimations [3010]","1000 No","43071.211","Ciffre de sources internationales [X]","","1000 No","44070.551","Ciffre de sources internationales [X]","","1000 No","45074.049","Ciffre de sources internationales [X]",""
"Irlande [IRL]","Population totale [511]","Population-Estimations [3010]","1000 No","5028.426","Ciffre de sources internationales [X]","","1000 No","5110.016","Ciffre de sources internationales [X]","","1000 No","5196.63","Ciffre de sources internationales [X]",""
"Islande [ISL]","Population totale [511]","Population-Estimations [3010]","1000 No","372.644","Ciffre de sources internationales [X]","","1000 No","380.356","Ciffre de sources internationales [X]","","1000 No","387.558","Ciffre de sources internationales [X]",""
"Israël [ISR]","Population totale [511]","Population-Estimations [3010]","1000 No","8942.924","Ciffre de sources internationales [X]","","1000 No","9103.151","Ciffre de sources internationales [X]","","1000 No","9256.314","Ciffre de sources internationales [X]",""
"Italie [ITA]","Population totale [511]","Population-Estimations [3010]","1000 No","59729.35","Ciffre de sources internationales [X]","","1000 No","59619.115","Ciffre de sources internationales [X]","","1000 No","59499.453","Ciffre de sources internationales [X]",""
"Jamaïque [JAM]","Population totale [511]","Population-Estimations [3010]","1000 No","2837.682","Ciffre de sources internationales [X]","","1000 No","2839.144","Ciffre de sources internationales [X]","","1000 No","2839.786","Ciffre de sources internationales [X]",""
"Japon [JPN]","Population totale [511]","Population-Estimations [3010]","1000 No","125679.338","Ciffre de sources internationales [X]","","1000 No","124997.578","Ciffre de sources internationales [X]","","1000 No","124370.947","Ciffre de sources internationales [X]",""
"Jordanie [JOR]","Population totale [511]","Population-Estimations [3010]","1000 No","11066.356","Ciffre de sources internationales [X]","","1000 No","11256.263","Ciffre de sources internationales [X]","","1000 No","11439.213","Ciffre de sources internationales [X]",""
"Kazakhstan [KAZ]","Population totale [511]","Population-Estimations [3010]","1000 No","19743.603","Ciffre de sources internationales [X]","","1000 No","20034.609","Ciffre de sources internationales [X]","","1000 No","20330.104","Ciffre de sources internationales [X]",""
"Kenya [KEN]","Population totale [511]","Population-Estimations [3010]","1000 No","53219.166","Ciffre de sources internationales [X]","","1000 No","54252.461","Ciffre de sources internationales [X]","","1000 No","55339.002","Ciffre de sources internationales [X]",""
"Kirghizistan [KGZ]","Population totale [511]","Population-Estimations [3010]","1000 No","6820.479","Ciffre de sources internationales [X]","","1000 No","6955.788","Ciffre de sources internationales [X]","","1000 No","7073.516","Ciffre de sources internationales [X]",""
"Kiribati [KIR]","Population totale [511]","Population-Estimations [3010]","1000 No","128.377","Ciffre de sources internationales [X]","","1000 No","130.469","Ciffre de sources internationales [X]","","1000 No","132.53","Ciffre de sources internationales [X]",""
"Koweït [KWT]","Population totale [511]","Population-Estimations [3010]","1000 No","4360.742","Ciffre de sources internationales [X]","","1000 No","4589.511","Ciffre de sources internationales [X]","","1000 No","4838.782","Ciffre de sources internationales [X]",""
"Lesotho [LSO]","Population totale [511]","Population-Estimations [3010]","1000 No","2261.542","Ciffre de sources internationales [X]","","1000 No","2286.11","Ciffre de sources internationales [X]","","1000 No","2311.472","Ciffre de sources internationales [X]",""
"Lettonie [LVA]","Population totale [511]","Population-Estimations [3010]","1000 No","1885.587","Ciffre de sources internationales [X]","","1000 No","1881.063","Ciffre de sources internationales [X]","","1000 No","1882.396","Ciffre de sources internationales [X]",""
"Liban [LBN]","Population totale [511]","Population-Estimations [3010]","1000 No","5718.122","Ciffre de sources internationales [X]","","1000 No","5744.489","Ciffre de sources internationales [X]","","1000 No","5773.493","Ciffre de sources internationales [X]",""
"Libye [LBY]","Population totale [511]","Population-Estimations [3010]","1000 No","7135.175","Ciffre de sources internationales [X]","","1000 No","7223.805","Ciffre de sources internationales [X]","","1000 No","7305.659","Ciffre de sources internationales [X]",""
"Libéria [LBR]","Population totale [511]","Population-Estimations [3010]","1000 No","5259.323","Ciffre de sources internationales [X]","","1000 No","5373.294","Ciffre de sources internationales [X]","","1000 No","5493.031","Ciffre de sources internationales [X]",""
"Liechtenstein [LIE]","Population totale [511]","Population-Estimations [3010]","1000 No","39.044","Ciffre de sources internationales [X]","","1000 No","39.317","Ciffre de sources internationales [X]","","1000 No","39.598","Ciffre de sources internationales [X]",""
"Lituanie [LTU]","Population totale [511]","Population-Estimations [3010]","1000 No","2794.488","Ciffre de sources internationales [X]","","1000 No","2816.919","Ciffre de sources internationales [X]","","1000 No","2854.099","Ciffre de sources internationales [X]",""
"Luxembourg [LUX]","Population totale [511]","Population-Estimations [3010]","1000 No","640.274","Ciffre de sources internationales [X]","","1000 No","653.313","Ciffre de sources internationales [X]","","1000 No","665.098","Ciffre de sources internationales [X]",""
"Macédoine du Nord [MKD]","Population totale [511]","Population-Estimations [3010]","1000 No","1851.108","Ciffre de sources internationales [X]","","1000 No","1840.233","Ciffre de sources internationales [X]","","1000 No","1831.802","Ciffre de sources internationales [X]",""
"Madagascar [MDG]","Population totale [511]","Population-Estimations [3010]","1000 No","29691.083","Ciffre de sources internationales [X]","","1000 No","30437.26","Ciffre de sources internationales [X]","","1000 No","31195.932","Ciffre de sources internationales [X]",""
"Malaisie [MYS]","Population totale [511]","Population-Estimations [3010]","1000 No","34282.399","Ciffre de sources internationales [X]","","1000 No","34695.493","Ciffre de sources internationales [X]","","1000 No","35126.298","Ciffre de sources internationales [X]",""
"Malawi [MWI]","Population totale [511]","Population-Estimations [3010]","1000 No","20047.258","Ciffre de sources internationales [X]","","1000 No","20568.728","Ciffre de sources internationales [X]","","1000 No","21104.482","Ciffre de sources internationales [X]",""
"Maldives [MDV]","Population totale [511]","Population-Estimations [3010]","1000 No","516.154","Ciffre de sources internationales [X]","","1000 No","524.106","Ciffre de sources internationales [X]","","1000 No","525.994","Ciffre de sources internationales [X]",""
"Mali [MLI]","Population totale [511]","Population-Estimations [3010]","1000 No","22388.63","Ciffre de sources internationales [X]","","1000 No","23072.64","Ciffre de sources internationales [X]","","1000 No","23769.127","Ciffre de sources internationales [X]",""
"Malte [MLT]","Population totale [511]","Population-Estimations [3010]","1000 No","524.376","Ciffre de sources internationales [X]","","1000 No","528.192","Ciffre de sources internationales [X]","","1000 No","532.956","Ciffre de sources internationales [X]",""
"Maroc [MAR]","Population totale [511]","Population-Estimations [3010]","1000 No","36954.442","Ciffre de sources internationales [X]","","1000 No","37329.064","Ciffre de sources internationales [X]","","1000 No","37712.505","Ciffre de sources internationales [X]",""
"Martinique [MTQ]","Population totale [511]","Population-Estimations [3010]","1000 No","353.278","Ciffre de sources internationales [X]","","1000 No","349.459","Ciffre de sources internationales [X]","","1000 No","346.002","Ciffre de sources internationales [X]",""
"Maurice [MUS]","Population totale [511]","Population-Estimations [3010]","1000 No","1279.623","Ciffre de sources internationales [X]","","1000 No","1276.13","Ciffre de sources internationales [X]","","1000 No","1273.588","Ciffre de sources internationales [X]",""
"Mauritanie [MRT]","Population totale [511]","Population-Estimations [3010]","1000 No","4734.874","Ciffre de sources internationales [X]","","1000 No","4875.637","Ciffre de sources internationales [X]","","1000 No","5022.441","Ciffre de sources internationales [X]",""
"Mayotte [MYT]","Population totale [511]","Population-Estimations [3010]","1000 No","294.421","Ciffre de sources internationales [X]","","1000 No","305.269","Ciffre de sources internationales [X]","","1000 No","316.015","Ciffre de sources internationales [X]",""
"Mexique [MEX]","Population totale [511]","Population-Estimations [3010]","1000 No","127648.148","Ciffre de sources internationales [X]","","1000 No","128613.117","Ciffre de sources internationales [X]","","1000 No","129739.759","Ciffre de sources internationales [X]",""
"Micronésie (États fédérés de) [FSM]","Population totale [511]","Population-Estimations [3010]","1000 No","111.624","Ciffre de sources internationales [X]","","1000 No","112.114","Ciffre de sources internationales [X]","","1000 No","112.63","Ciffre de sources internationales [X]",""
"Monaco [MCO]","Population totale [511]","Population-Estimations [3010]","1000 No","38.527","Ciffre de sources internationales [X]","","1000 No","38.931","Ciffre de sources internationales [X]","","1000 No","38.956","Ciffre de sources internationales [X]",""
"Mongolie [MNG]","Population totale [511]","Population-Estimations [3010]","1000 No","3339.674","Ciffre de sources internationales [X]","","1000 No","3386.015","Ciffre de sources internationales [X]","","1000 No","3431.932","Ciffre de sources internationales [X]",""
"Montserrat [MSR]","Population totale [511]","Population-Estimations [3010]","1000 No","4.479","Ciffre de sources internationales [X]","","1000 No","4.453","Ciffre de sources internationales [X]","","1000 No","4.42","Ciffre de sources internationales [X]",""
"Monténégro [MNE]","Population totale [511]","Population-Estimations [3010]","1000 No","603.851","Ciffre de sources internationales [X]","","1000 No","614.648","Ciffre de sources internationales [X]","","1000 No","633.552","Ciffre de sources internationales [X]",""
"Mozambique [MOZ]","Population totale [511]","Population-Estimations [3010]","1000 No","31707.8","Ciffre de sources internationales [X]","","1000 No","32656.246","Ciffre de sources internationales [X]","","1000 No","33635.16","Ciffre de sources internationales [X]",""
"Myanmar [MMR]","Population totale [511]","Population-Estimations [3010]","1000 No","53387.102","Ciffre de sources internationales [X]","","1000 No","53756.787","Ciffre de sources internationales [X]","","1000 No","54133.798","Ciffre de sources internationales [X]",""
"Namibie [NAM]","Population totale [511]","Population-Estimations [3010]","1000 No","2810.548","Ciffre de sources internationales [X]","","1000 No","2889.662","Ciffre de sources internationales [X]","","1000 No","2963.095","Ciffre de sources internationales [X]",""
"Nauru [NRU]","Population totale [511]","Population-Estimations [3010]","1000 No","11.709","Ciffre de sources internationales [X]","","1000 No","11.801","Ciffre de sources internationales [X]","","1000 No","11.875","Ciffre de sources internationales [X]",""
"Nicaragua [NIC]","Population totale [511]","Population-Estimations [3010]","1000 No","6644.741","Ciffre de sources internationales [X]","","1000 No","6730.654","Ciffre de sources internationales [X]","","1000 No","6823.613","Ciffre de sources internationales [X]",""
"Niger [NER]","Population totale [511]","Population-Estimations [3010]","1000 No","24502.14","Ciffre de sources internationales [X]","","1000 No","25311.973","Ciffre de sources internationales [X]","","1000 No","26159.867","Ciffre de sources internationales [X]",""
"Nigéria [NGA]","Population totale [511]","Population-Estimations [3010]","1000 No","218529.287","Ciffre de sources internationales [X]","","1000 No","223150.896","Ciffre de sources internationales [X]","","1000 No","227882.945","Ciffre de sources internationales [X]",""
"Nioué [NIU]","Population totale [511]","Population-Estimations [3010]","1000 No","1.813","Ciffre de sources internationales [X]","","1000 No","1.821","Ciffre de sources internationales [X]","","1000 No","1.817","Ciffre de sources internationales [X]",""
"Norvège [NOR]","Population totale [511]","Population-Estimations [3010]","1000 No","5408.091","Ciffre de sources internationales [X]","","1000 No","5456.801","Ciffre de sources internationales [X]","","1000 No","5519.167","Ciffre de sources internationales [X]",""
"Nouvelle-Calédonie [NCL]","Population totale [511]","Population-Estimations [3010]","1000 No","285.214","Ciffre de sources internationales [X]","","1000 No","287.123","Ciffre de sources internationales [X]","","1000 No","289.87","Ciffre de sources internationales [X]",""
"Nouvelle-Zélande [NZL]","Population totale [511]","Population-Estimations [3010]","1000 No","5107.697","Ciffre de sources internationales [X]","","1000 No","5131.734","Ciffre de sources internationales [X]","","1000 No","5172.836","Ciffre de sources internationales [X]",""
"Népal [NPL]","Population totale [511]","Population-Estimations [3010]","1000 No","29475.01","Ciffre de sources internationales [X]","","1000 No","29715.436","Ciffre de sources internationales [X]","","1000 No","29694.614","Ciffre de sources internationales [X]",""
"Oman [OMN]","Population totale [511]","Population-Estimations [3010]","1000 No","4500.424","Ciffre de sources internationales [X]","","1000 No","4730.226","Ciffre de sources internationales [X]","","1000 No","5049.269","Ciffre de sources internationales [X]",""
"Ouganda [UGA]","Population totale [511]","Population-Estimations [3010]","1000 No","45910.93","Ciffre de sources internationales [X]","","1000 No","47312.719","Ciffre de sources internationales [X]","","1000 No","48656.601","Ciffre de sources internationales [X]",""
"Ouzbékistan [UZB]","Population totale [511]","Population-Estimations [3010]","1000 No","34243.696","Ciffre de sources internationales [X]","","1000 No","34938.955","Ciffre de sources internationales [X]","","1000 No","35652.307","Ciffre de sources internationales [X]",""
"Pakistan [PAK]","Population totale [511]","Population-Estimations [3010]","1000 No","239477.801","Ciffre de sources internationales [X]","","1000 No","243700.667","Ciffre de sources internationales [X]","","1000 No","247504.495","Ciffre de sources internationales [X]",""
"Palaos [PLW]","Population totale [511]","Population-Estimations [3010]","1000 No","17.783","Ciffre de sources internationales [X]","","1000 No","17.759","Ciffre de sources internationales [X]","","1000 No","17.727","Ciffre de sources internationales [X]",""
"Palestine [PSE]","Population totale [511]","Population-Estimations [3010]","1000 No","5185.336","Ciffre de sources internationales [X]","","1000 No","5305.27","Ciffre de sources internationales [X]","","1000 No","5409.202","Ciffre de sources internationales [X]",""
"Panama [PAN]","Population totale [511]","Population-Estimations [3010]","1000 No","4345.405","Ciffre de sources internationales [X]","","1000 No","4400.773","Ciffre de sources internationales [X]","","1000 No","4458.759","Ciffre de sources internationales [X]",""
"Papouasie-Nouvelle-Guinée [PNG]","Population totale [511]","Population-Estimations [3010]","1000 No","10012.896","Ciffre de sources internationales [X]","","1000 No","10203.169","Ciffre de sources internationales [X]","","1000 No","10389.635","Ciffre de sources internationales [X]",""
"Paraguay [PRY]","Population totale [511]","Population-Estimations [3010]","1000 No","6684.182","Ciffre de sources internationales [X]","","1000 No","6760.464","Ciffre de sources internationales [X]","","1000 No","6844.146","Ciffre de sources internationales [X]",""
"Pays-Bas (Royaume des) [NLD]","Population totale [511]","Population-Estimations [3010]","1000 No","17730.564","Ciffre de sources internationales [X]","","1000 No","17904.421","Ciffre de sources internationales [X]","","1000 No","18092.524","Ciffre de sources internationales [X]",""
"Philippines [PHL]","Population totale [511]","Population-Estimations [3010]","1000 No","113100.95","Ciffre de sources internationales [X]","","1000 No","113964.339","Ciffre de sources internationales [X]","","1000 No","114891.199","Ciffre de sources internationales [X]",""
"Pitcairn [PCN]","Population totale [511]","Population-Estimations [3010]","","","","","","","","","","","",""
"Pologne [POL]","Population totale [511]","Population-Estimations [3010]","1000 No","38040.302","Ciffre de sources internationales [X]","","1000 No","38385.739","Ciffre de sources internationales [X]","","1000 No","38762.844","Ciffre de sources internationales [X]",""
"Polynésie française [PYF]","Population totale [511]","Population-Estimations [3010]","1000 No","279.792","Ciffre de sources internationales [X]","","1000 No","280.378","Ciffre de sources internationales [X]","","1000 No","281.118","Ciffre de sources internationales [X]",""
"Porto Rico [PRI]","Population totale [511]","Population-Estimations [3010]","1000 No","3253.21","Ciffre de sources internationales [X]","","1000 No","3240.968","Ciffre de sources internationales [X]","","1000 No","3242.023","Ciffre de sources internationales [X]",""
"Portugal [PRT]","Population totale [511]","Population-Estimations [3010]","1000 No","10390.956","Ciffre de sources internationales [X]","","1000 No","10417.073","Ciffre de sources internationales [X]","","1000 No","10430.738","Ciffre de sources internationales [X]",""
"Pérou [PER]","Population totale [511]","Population-Estimations [3010]","1000 No","33155.882","Ciffre de sources internationales [X]","","1000 No","33475.438","Ciffre de sources internationales [X]","","1000 No","33845.617","Ciffre de sources internationales [X]",""
"Qatar [QAT]","Population totale [511]","Population-Estimations [3010]","1000 No","2814.982","Ciffre de sources internationales [X]","","1000 No","2892.455","Ciffre de sources internationales [X]","","1000 No","2979.082","Ciffre de sources internationales [X]",""
"RFS de Yougoslavie [F248]","Population totale [511]","Population-Estimations [3010]","","","","","","","","","","","",""
"Roumanie [ROU]","Population totale [511]","Population-Estimations [3010]","1000 No","19248.161","Ciffre de sources internationales [X]","","1000 No","19166.772","Ciffre de sources internationales [X]","","1000 No","19118.479","Ciffre de sources internationales [X]",""
"Royaume-Uni de Grande-Bretagne et d'Irlande du Nord [GBR]","Population totale [511]","Population-Estimations [3010]","1000 No","67668.792","Ciffre de sources internationales [X]","","1000 No","68179.315","Ciffre de sources internationales [X]","","1000 No","68682.962","Ciffre de sources internationales [X]",""
"Rwanda [RWA]","Population totale [511]","Population-Estimations [3010]","1000 No","13355.26","Ciffre de sources internationales [X]","","1000 No","13651.03","Ciffre de sources internationales [X]","","1000 No","13954.471","Ciffre de sources internationales [X]",""
"République arabe syrienne [SYR]","Population totale [511]","Population-Estimations [3010]","1000 No","21628.839","Ciffre de sources internationales [X]","","1000 No","22462.173","Ciffre de sources internationales [X]","","1000 No","23594.623","Ciffre de sources internationales [X]",""
"République centrafricaine [CAF]","Population totale [511]","Population-Estimations [3010]","1000 No","5112.1","Ciffre de sources internationales [X]","","1000 No","5098.039","Ciffre de sources internationales [X]","","1000 No","5152.421","Ciffre de sources internationales [X]",""
"République de Corée [KOR]","Population totale [511]","Population-Estimations [3010]","1000 No","51848.397","Ciffre de sources internationales [X]","","1000 No","51782.512","Ciffre de sources internationales [X]","","1000 No","51748.739","Ciffre de sources internationales [X]",""
"République de Moldova [MDA]","Population totale [511]","Population-Estimations [3010]","1000 No","3023.778","Ciffre de sources internationales [X]","","1000 No","3039.985","Ciffre de sources internationales [X]","","1000 No","3067.07","Ciffre de sources internationales [X]",""
"République dominicaine [DOM]","Population totale [511]","Population-Estimations [3010]","1000 No","11123.476","Ciffre de sources internationales [X]","","1000 No","11230.734","Ciffre de sources internationales [X]","","1000 No","11331.265","Ciffre de sources internationales [X]",""
"République démocratique du Congo [COD]","Population totale [511]","Population-Estimations [3010]","1000 No","99148.932","Ciffre de sources internationales [X]","","1000 No","102396.968","Ciffre de sources internationales [X]","","1000 No","105789.731","Ciffre de sources internationales [X]",""
"République démocratique populaire lao [LAO]","Population totale [511]","Population-Estimations [3010]","1000 No","7453.194","Ciffre de sources internationales [X]","","1000 No","7559.007","Ciffre de sources internationales [X]","","1000 No","7664.993","Ciffre de sources internationales [X]",""
"République populaire démocratique de Corée [PRK]","Population totale [511]","Population-Estimations [3010]","1000 No","26232.534","Ciffre de sources internationales [X]","","1000 No","26328.845","Ciffre de sources internationales [X]","","1000 No","26418.204","Ciffre de sources internationales [X]",""
"République-Unie de Tanzanie [TZA]","Population totale [511]","Population-Estimations [3010]","1000 No","62830.412","Ciffre de sources internationales [X]","","1000 No","64711.821","Ciffre de sources internationales [X]","","1000 No","66617.606","Ciffre de sources internationales [X]",""
"Réunion [REU]","Population totale [511]","Population-Estimations [3010]","1000 No","868.079","Ciffre de sources internationales [X]","","1000 No","871.54","Ciffre de sources internationales [X]","","1000 No","874.883","Ciffre de sources internationales [X]",""
"Sahara occidental [ESH]","Population totale [511]","Population-Estimations [3010]","1000 No","558.619","Ciffre de sources internationales [X]","","1000 No","568.739","Ciffre de sources internationales [X]","","1000 No","579.729","Ciffre de sources internationales [X]",""
"Saint-Barthélemy [BLM]","Population totale [511]","Population-Estimations [3010]","1000 No","10.764","Ciffre de sources internationales [X]","","1000 No","10.92","Ciffre de sources internationales [X]","","1000 No","11.085","Ciffre de sources internationales [X]",""
"Saint-Kitts-et-Nevis [KNA]","Population totale [511]","Population-Estimations [3010]","1000 No","46.763","Ciffre de sources internationales [X]","","1000 No","46.709","Ciffre de sources internationales [X]","","1000 No","46.758","Ciffre de sources internationales [X]",""
"Saint-Marin [SMR]","Population totale [511]","Population-Estimations [3010]","1000 No","34.572","Ciffre de sources internationales [X]","","1000 No","34.09","Ciffre de sources internationales [X]","","1000 No","33.733","Ciffre de sources internationales [X]",""
"Saint-Martin (partie française) [MAF]","Population totale [511]","Population-Estimations [3010]","1000 No","29.961","Ciffre de sources internationales [X]","","1000 No","28.87","Ciffre de sources internationales [X]","","1000 No","27.515","Ciffre de sources internationales [X]",""
"Saint-Pierre-et-Miquelon [SPM]","Population totale [511]","Population-Estimations [3010]","1000 No","5.779","Ciffre de sources internationales [X]","","1000 No","5.732","Ciffre de sources internationales [X]","","1000 No","5.681","Ciffre de sources internationales [X]",""
"Saint-Siège [VAT]","Population totale [511]","Population-Estimations [3010]","","","","","","","","","","","",""
"Saint-Vincent-et-les Grenadines [VCT]","Population totale [511]","Population-Estimations [3010]","1000 No","102.841","Ciffre de sources internationales [X]","","1000 No","102.046","Ciffre de sources internationales [X]","","1000 No","101.323","Ciffre de sources internationales [X]",""
"Sainte-Lucie [LCA]","Population totale [511]","Population-Estimations [3010]","1000 No","178.522","Ciffre de sources internationales [X]","","1000 No","178.781","Ciffre de sources internationales [X]","","1000 No","179.285","Ciffre de sources internationales [X]",""
"Samoa [WSM]","Population totale [511]","Population-Estimations [3010]","1000 No","213.779","Ciffre de sources internationales [X]","","1000 No","215.261","Ciffre de sources internationales [X]","","1000 No","216.663","Ciffre de sources internationales [X]",""
"Samoa américaines [ASM]","Population totale [511]","Population-Estimations [3010]","1000 No","49.225","Ciffre de sources internationales [X]","","1000 No","48.342","Ciffre de sources internationales [X]","","1000 No","47.521","Ciffre de sources internationales [X]",""
"Sao Tomé-et-Principe [STP]","Population totale [511]","Population-Estimations [3010]","1000 No","221.961","Ciffre de sources internationales [X]","","1000 No","226.305","Ciffre de sources internationales [X]","","1000 No","230.871","Ciffre de sources internationales [X]",""
"Serbie [SRB]","Population totale [511]","Population-Estimations [3010]","1000 No","6835.43","Ciffre de sources internationales [X]","","1000 No","6791.213","Ciffre de sources internationales [X]","","1000 No","6773.201","Ciffre de sources internationales [X]",""
"Serbie-et-Monténégro [SCG]","Population totale [511]","Population-Estimations [3010]","","","","","","","","","","","",""
"Seychelles [SYC]","Population totale [511]","Population-Estimations [3010]","1000 No","122.987","Ciffre de sources internationales [X]","","1000 No","125.522","Ciffre de sources internationales [X]","","1000 No","127.951","Ciffre de sources internationales [X]",""
"Sierra Leone [SLE]","Population totale [511]","Population-Estimations [3010]","1000 No","8094.602","Ciffre de sources internationales [X]","","1000 No","8276.807","Ciffre de sources internationales [X]","","1000 No","8460.512","Ciffre de sources internationales [X]",""
"Singapour [SGP]","Population totale [511]","Population-Estimations [3010]","1000 No","5546.29","Ciffre de sources internationales [X]","","1000 No","5649.885","Ciffre de sources internationales [X]","","1000 No","5789.09","Ciffre de sources internationales [X]",""
"Sint Maarten (partie néerlandaise) [SXM]","Population totale [511]","Population-Estimations [3010]","1000 No","41.571","Ciffre de sources internationales [X]","","1000 No","42.139","Ciffre de sources internationales [X]","","1000 No","42.749","Ciffre de sources internationales [X]",""
"Slovaquie [SVK]","Population totale [511]","Population-Estimations [3010]","1000 No","5442.759","Ciffre de sources internationales [X]","","1000 No","5473.197","Ciffre de sources internationales [X]","","1000 No","5518.055","Ciffre de sources internationales [X]",""
"Slovénie [SVN]","Population totale [511]","Population-Estimations [3010]","1000 No","2113.494","Ciffre de sources internationales [X]","","1000 No","2115.228","Ciffre de sources internationales [X]","","1000 No","2118.396","Ciffre de sources internationales [X]",""
"Somalie [SOM]","Population totale [511]","Population-Estimations [3010]","1000 No","17271.431","Ciffre de sources internationales [X]","","1000 No","17801.897","Ciffre de sources internationales [X]","","1000 No","18358.615","Ciffre de sources internationales [X]",""
"Soudan (ex) [F206]","Population totale [511]","Population-Estimations [3010]","","","","","","","","","","","",""
"Soudan [SDN]","Population totale [511]","Population-Estimations [3010]","1000 No","48066.924","Ciffre de sources internationales [X]","","1000 No","49383.346","Ciffre de sources internationales [X]","","1000 No","50042.791","Ciffre de sources internationales [X]",""
"Soudan du Sud [SSD]","Population totale [511]","Population-Estimations [3010]","1000 No","10865.78","Ciffre de sources internationales [X]","","1000 No","11021.177","Ciffre de sources internationales [X]","","1000 No","11483.374","Ciffre de sources internationales [X]",""
"Sri Lanka [LKA]","Population totale [511]","Population-Estimations [3010]","1000 No","22700.372","Ciffre de sources internationales [X]","","1000 No","22834.965","Ciffre de sources internationales [X]","","1000 No","22971.617","Ciffre de sources internationales [X]",""
"Suisse [CHE]","Population totale [511]","Population-Estimations [3010]","1000 No","8707.023","Ciffre de sources internationales [X]","","1000 No","8792.182","Ciffre de sources internationales [X]","","1000 No","8870.561","Ciffre de sources internationales [X]",""
"Suriname [SUR]","Population totale [511]","Population-Estimations [3010]","1000 No","617.896","Ciffre de sources internationales [X]","","1000 No","623.164","Ciffre de sources internationales [X]","","1000 No","628.886","Ciffre de sources internationales [X]",""
"Suède [SWE]","Population totale [511]","Population-Estimations [3010]","1000 No","10416.131","Ciffre de sources internationales [X]","","1000 No","10487.338","Ciffre de sources internationales [X]","","1000 No","10551.494","Ciffre de sources internationales [X]",""
"Sénégal [SEN]","Population totale [511]","Population-Estimations [3010]","1000 No","17220.867","Ciffre de sources internationales [X]","","1000 No","17651.103","Ciffre de sources internationales [X]","","1000 No","18077.573","Ciffre de sources internationales [X]",""
"Tadjikistan [TJK]","Population totale [511]","Population-Estimations [3010]","1000 No","9966.908","Ciffre de sources internationales [X]","","1000 No","10182.222","Ciffre de sources internationales [X]","","1000 No","10389.799","Ciffre de sources internationales [X]",""
"Tchad [TCD]","Population totale [511]","Population-Estimations [3010]","1000 No","17828.273","Ciffre de sources internationales [X]","","1000 No","18455.316","Ciffre de sources internationales [X]","","1000 No","19319.064","Ciffre de sources internationales [X]",""
"Tchécoslovaq [F51]","Population totale [511]","Population-Estimations [3010]","","","","","","","","","","","",""
"Tchéquie [CZE]","Population totale [511]","Population-Estimations [3010]","1000 No","10530.683","Ciffre de sources internationales [X]","","1000 No","10673.213","Ciffre de sources internationales [X]","","1000 No","10809.716","Ciffre de sources internationales [X]",""
"Territoire des Îles du Pacifique [F164]","Population totale [511]","Population-Estimations [3010]","","","","","","","","","","","",""
"Thaïlande [THA]","Population totale [511]","Population-Estimations [3010]","1000 No","71727.332","Ciffre de sources internationales [X]","","1000 No","71735.329","Ciffre de sources internationales [X]","","1000 No","71702.435","Ciffre de sources internationales [X]",""
"Timor-Leste [TLS]","Population totale [511]","Population-Estimations [3010]","1000 No","1350.139","Ciffre de sources internationales [X]","","1000 No","1369.295","Ciffre de sources internationales [X]","","1000 No","1384.286","Ciffre de sources internationales [X]",""
"Togo [TGO]","Population totale [511]","Population-Estimations [3010]","1000 No","8878.379","Ciffre de sources internationales [X]","","1000 No","9089.738","Ciffre de sources internationales [X]","","1000 No","9304.337","Ciffre de sources internationales [X]",""
"Tokélaou [TKL]","Population totale [511]","Population-Estimations [3010]","1000 No","2.205","Ciffre de sources internationales [X]","","1000 No","2.29","Ciffre de sources internationales [X]","","1000 No","2.397","Ciffre de sources internationales [X]",""
"Tonga [TON]","Population totale [511]","Population-Estimations [3010]","1000 No","105.49","Ciffre de sources internationales [X]","","1000 No","105.042","Ciffre de sources internationales [X]","","1000 No","104.597","Ciffre de sources internationales [X]",""
"Trinité-et-Tobago [TTO]","Population totale [511]","Population-Estimations [3010]","1000 No","1487.717","Ciffre de sources internationales [X]","","1000 No","1495.921","Ciffre de sources internationales [X]","","1000 No","1502.932","Ciffre de sources internationales [X]",""
"Tunisie [TUN]","Population totale [511]","Population-Estimations [3010]","1000 No","12048.622","Ciffre de sources internationales [X]","","1000 No","12119.334","Ciffre de sources internationales [X]","","1000 No","12200.431","Ciffre de sources internationales [X]",""
"Turkménistan [TKM]","Population totale [511]","Population-Estimations [3010]","1000 No","7092.043","Ciffre de sources internationales [X]","","1000 No","7230.193","Ciffre de sources internationales [X]","","1000 No","7364.438","Ciffre de sources internationales [X]",""
"Tuvalu [TUV]","Population totale [511]","Population-Estimations [3010]","1000 No","10.194","Ciffre de sources internationales [X]","","1000 No","9.992","Ciffre de sources internationales [X]","","1000 No","9.816","Ciffre de sources internationales [X]",""
"Türkiye [TUR]","Population totale [511]","Population-Estimations [3010]","1000 No","86686.253","Ciffre de sources internationales [X]","","1000 No","87058.473","Ciffre de sources internationales [X]","","1000 No","87270.501","Ciffre de sources internationales [X]",""
"URSS [F228]","Population totale [511]","Population-Estimations [3010]","","","","","","","","","","","",""
"Ukraine [UKR]","Population totale [511]","Population-Estimations [3010]","1000 No","44298.64","Ciffre de sources internationales [X]","","1000 No","41048.766","Ciffre de sources internationales [X]","","1000 No","37732.836","Ciffre de sources internationales [X]",""
"Uruguay [URY]","Population totale [511]","Population-Estimations [3010]","1000 No","3396.695","Ciffre de sources internationales [X]","","1000 No","3390.913","Ciffre de sources internationales [X]","","1000 No","3388.081","Ciffre de sources internationales [X]",""
"Vanuatu [VUT]","Population totale [511]","Population-Estimations [3010]","1000 No","305.868","Ciffre de sources internationales [X]","","1000 No","313.046","Ciffre de sources internationales [X]","","1000 No","320.409","Ciffre de sources internationales [X]",""
"Venezuela (République bolivarienne du) [VEN]","Population totale [511]","Population-Estimations [3010]","1000 No","28237.826","Ciffre de sources internationales [X]","","1000 No","28213.017","Ciffre de sources internationales [X]","","1000 No","28300.854","Ciffre de sources internationales [X]",""
"Viet Nam [VNM]","Population totale [511]","Population-Estimations [3010]","1000 No","98935.098","Ciffre de sources internationales [X]","","1000 No","99680.655","Ciffre de sources internationales [X]","","1000 No","100352.192","Ciffre de sources internationales [X]",""
"Yémen [YEM]","Population totale [511]","Population-Estimations [3010]","1000 No","37140.23","Ciffre de sources internationales [X]","","1000 No","38222.876","Ciffre de sources internationales [X]","","1000 No","39390.799","Ciffre de sources internationales [X]",""
"Zambie [ZMB]","Population totale [511]","Population-Estimations [3010]","1000 No","19603.607","Ciffre de sources internationales [X]","","1000 No","20152.938","Ciffre de sources internationales [X]","","1000 No","20723.965","Ciffre de sources internationales [X]",""
"Zimbabwe [ZWE]","Population totale [511]","Population-Estimations [3010]","1000 No","15797.21","Ciffre de sources internationales [X]","","1000 No","16069.056","Ciffre de sources internationales [X]","","1000 No","16340.822","Ciffre de sources internationales [X]",""
"Égypte [EGY]","Population totale [511]","Population-Estimations [3010]","1000 No","110957.008","Ciffre de sources internationales [X]","","1000 No","112618.25","Ciffre de sources internationales [X]","","1000 No","114535.772","Ciffre de sources internationales [X]",""
"Émirats arabes unis [ARE]","Population totale [511]","Population-Estimations [3010]","1000 No","9789.048","Ciffre de sources internationales [X]","","1000 No","10242.086","Ciffre de sources internationales [X]","","1000 No","10642.081","Ciffre de sources internationales [X]",""
"Équateur [ECU]","Population totale [511]","Population-Estimations [3010]","1000 No","17682.454","Ciffre de sources internationales [X]","","1000 No","17823.897","Ciffre de sources internationales [X]","","1000 No","17980.083","Ciffre de sources internationales [X]",""
"Érythrée [ERI]","Population totale [511]","Population-Estimations [3010]","1000 No","3350.183","Ciffre de sources internationales [X]","","1000 No","3409.447","Ciffre de sources internationales [X]","","1000 No","3470.39","Ciffre de sources internationales [X]",""
"États-Unis d'Amérique [USA]","Population totale [511]","Population-Estimations [3010]","1000 No","340161.441","Ciffre de sources internationales [X]","","1000 No","341534.045","Ciffre de sources internationales [X]","","1000 No","343477.335","Ciffre de sources internationales [X]",""
"Éthiopie RDP [F62]","Population totale [511]","Population-Estimations [3010]","","","","","","","","","","","",""
"Éthiopie [ETH]","Population totale [511]","Population-Estimations [3010]","1000 No","122138.588","Ciffre de sources internationales [X]","","1000 No","125384.287","Ciffre de sources internationales [X]","","1000 No","128691.692","Ciffre de sources internationales [X]",""
"Île Norfolk [NFK]","Population totale [511]","Population-Estimations [3010]","","","","","","","","","","","",""
"Île de Man [IMN]","Population totale [511]","Population-Estimations [3010]","1000 No","84.106","Ciffre de sources internationales [X]","","1000 No","84.132","Ciffre de sources internationales [X]","","1000 No","84.165","Ciffre de sources internationales [X]",""
"Îles Anglo-Normandes [CHA]","Population totale [511]","Population-Estimations [3010]","","","","","","","","","","","",""
"Îles Caïmanes [CYM]","Population totale [511]","Population-Estimations [3010]","1000 No","70.108","Ciffre de sources internationales [X]","","1000 No","71.591","Ciffre de sources internationales [X]","","1000 No","73.038","Ciffre de sources internationales [X]",""
"Îles Cook [COK]","Population totale [511]","Population-Estimations [3010]","1000 No","15.182","Ciffre de sources internationales [X]","","1000 No","14.723","Ciffre de sources internationales [X]","","1000 No","14.222","Ciffre de sources internationales [X]",""
"Îles Falkland (Malvinas) [FLK]","Population totale [511]","Population-Estimations [3010]","1000 No","3.498","Ciffre de sources internationales [X]","","1000 No","3.49","Ciffre de sources internationales [X]","","1000 No","3.477","Ciffre de sources internationales [X]",""
"Îles Féroé [FRO]","Population totale [511]","Population-Estimations [3010]","1000 No","53.3","Ciffre de sources internationales [X]","","1000 No","54.011","Ciffre de sources internationales [X]","","1000 No","54.714","Ciffre de sources internationales [X]",""
"Îles Mariannes du Nord [MNP]","Population totale [511]","Population-Estimations [3010]","1000 No","46.979","Ciffre de sources internationales [X]","","1000 No","46.078","Ciffre de sources internationales [X]","","1000 No","45.143","Ciffre de sources internationales [X]",""
"Îles Marshall [MHL]","Population totale [511]","Population-Estimations [3010]","1000 No","41.367","Ciffre de sources internationales [X]","","1000 No","40.077","Ciffre de sources internationales [X]","","1000 No","38.827","Ciffre de sources internationales [X]",""
"Îles Salomon [SLB]","Population totale [511]","Population-Estimations [3010]","1000 No","762.591","Ciffre de sources internationales [X]","","1000 No","781.066","Ciffre de sources internationales [X]","","1000 No","800.005","Ciffre de sources internationales [X]",""
"Îles Svalbard-et-Jan Mayen [SJM]","Population totale [511]","Population-Estimations [3010]","","","","","","","","","","","",""
"Îles Turques-et-Caïques [TCA]","Population totale [511]","Population-Estimations [3010]","1000 No","45.243","Ciffre de sources internationales [X]","","1000 No","45.847","Ciffre de sources internationales [X]","","1000 No","46.198","Ciffre de sources internationales [X]",""
"Îles Vierges américaines [VIR]","Population totale [511]","Population-Estimations [3010]","1000 No","87.223","Ciffre de sources internationales [X]","","1000 No","86.507","Ciffre de sources internationales [X]","","1000 No","85.701","Ciffre de sources internationales [X]",""
"Îles Vierges britanniques [VGB]","Population totale [511]","Population-Estimations [3010]","1000 No","37.809","Ciffre de sources internationales [X]","","1000 No","38.319","Ciffre de sources internationales [X]","","1000 No","38.985","Ciffre de sources internationales [X]",""
"Îles Wallis-et-Futuna [WLF]","Population totale [511]","Population-Estimations [3010]","1000 No","11.568","Ciffre de sources internationales [X]","","1000 No","11.478","Ciffre de sources internationales [X]","","1000 No","11.37","Ciffre de sources internationales [X]",""
"","","","","","","","","","","","","","",""
"","","","","","","","","","","","","","",""
