"","","","2022 [2022]","2022 [2022]","2022 [2022]","2022 [2022]"
"","","","Unité","Valeur","Description du Symbole","Note"
"Afghanistan [AFG]","Disponibilité alimentaire (Kcal/personne/jour)","Total General [S2901]","kcal/personne/jour","2243","Valeur estimée",""
"Afghanistan [AFG]","Disponibilité alimentaire (Kcal/personne/jour)","Viande de Volailles [S2734]","kcal/personne/jour","3.29","Valeur estimée",""
"Afrique du Sud [ZAF]","Disponibilité alimentaire (Kcal/personne/jour)","Total General [S2901]","kcal/personne/jour","2761","Valeur estimée",""
"Afrique du Sud [ZAF]","Disponibilité alimentaire (Kcal/personne/jour)","Viande de Volailles [S2734]","kcal/personne/jour","149.24","Valeur estimée",""
"Albanie [ALB]","Disponibilité alimentaire (Kcal/personne/jour)","Total General [S2901]","kcal/personne/jour","3390","Valeur estimée",""
"Albanie [ALB]","Disponibilité alimentaire (Kcal/personne/jour)","Viande de Volailles [S2734]","kcal/personne/jour","85.67","Valeur estimée",""
"Algérie [DZA]","Disponibilité alimentaire (Kcal/personne/jour)","Total General [S2901]","kcal/personne/jour","3468","Valeur estimée",""
"Algérie [DZA]","Disponibilité alimentaire (Kcal/personne/jour)","Viande de Volailles [S2734]","kcal/personne/jour","23.14","Valeur estimée",""
"Allemagne [DEU]","Disponibilité alimentaire (Kcal/personne/jour)","Total General [S2901]","kcal/personne/jour","3604","Valeur estimée",""
"Allemagne [DEU]","Disponibilité alimentaire (Kcal/personne/jour)","Viande de Volailles [S2734]","kcal/personne/jour","60.85","Valeur estimée",""
"Angola [AGO]","Disponibilité alimentaire (Kcal/personne/jour)","Total General [S2901]","kcal/personne/jour","2435","Valeur estimée",""
"Angola [AGO]","Disponibilité alimentaire (Kcal/personne/jour)","Viande de Volailles [S2734]","kcal/personne/jour","39.62","Valeur estimée",""
"Antigua-et-Barbuda [ATG]","Disponibilité alimentaire (Kcal/personne/jour)","Total General [S2901]","kcal/personne/jour","2458","Valeur estimée",""
"Antigua-et-Barbuda [ATG]","Disponibilité alimentaire (Kcal/personne/jour)","Viande de Volailles [S2734]","kcal/personne/jour","258.92","Valeur estimée",""
"Antilles néerlandaises (ex) [ANT]","Disponibilité alimentaire (Kcal/personne/jour)","Total General [S2901]","","","",""
"Antilles néerlandaises (ex) [ANT]","Disponibilité alimentaire (Kcal/personne/jour)","Viande de Volailles [S2734]","","","",""
"Arabie saoudite [SAU]","Disponibilité alimentaire (Kcal/personne/jour)","Total General [S2901]","kcal/personne/jour","3276","Valeur estimée",""
"Arabie saoudite [SAU]","Disponibilité alimentaire (Kcal/personne/jour)","Viande de Volailles [S2734]","kcal/personne/jour","172.57","Valeur estimée",""
"Argentine [ARG]","Disponibilité alimentaire (Kcal/personne/jour)","Total General [S2901]","kcal/personne/jour","3347","Valeur estimée",""
"Argentine [ARG]","Disponibilité alimentaire (Kcal/personne/jour)","Viande de Volailles [S2734]","kcal/personne/jour","181.84","Valeur estimée",""
"Arménie [ARM]","Disponibilité alimentaire (Kcal/personne/jour)","Total General [S2901]","kcal/personne/jour","3277","Valeur estimée",""
"Arménie [ARM]","Disponibilité alimentaire (Kcal/personne/jour)","Viande de Volailles [S2734]","kcal/personne/jour","70.07","Valeur estimée",""
"Australie [AUS]","Disponibilité alimentaire (Kcal/personne/jour)","Total General [S2901]","kcal/personne/jour","3471","Valeur estimée",""
"Australie [AUS]","Disponibilité alimentaire (Kcal/personne/jour)","Viande de Volailles [S2734]","kcal/personne/jour","185.62","Valeur estimée",""
"Autriche [AUT]","Disponibilité alimentaire (Kcal/personne/jour)","Total General [S2901]","kcal/personne/jour","3812","Valeur estimée",""
"Autriche [AUT]","Disponibilité alimentaire (Kcal/personne/jour)","Viande de Volailles [S2734]","kcal/personne/jour","71.88","Valeur estimée",""
"Azerbaïdjan [AZE]","Disponibilité alimentaire (Kcal/personne/jour)","Total General [S2901]","kcal/personne/jour","3328","Valeur estimée",""
"Azerbaïdjan [AZE]","Disponibilité alimentaire (Kcal/personne/jour)","Viande de Volailles [S2734]","kcal/personne/jour","60.67","Valeur estimée",""
"Bahamas [BHS]","Disponibilité alimentaire (Kcal/personne/jour)","Total General [S2901]","kcal/personne/jour","2620","Valeur estimée",""
"Bahamas [BHS]","Disponibilité alimentaire (Kcal/personne/jour)","Viande de Volailles [S2734]","kcal/personne/jour","239.6","Valeur estimée",""
"Bahreïn [BHR]","Disponibilité alimentaire (Kcal/personne/jour)","Total General [S2901]","kcal/personne/jour","3506","Valeur estimée",""
"Bahreïn [BHR]","Disponibilité alimentaire (Kcal/personne/jour)","Viande de Volailles [S2734]","kcal/personne/jour","180.43","Valeur estimée",""
"Bangladesh [BGD]","Disponibilité alimentaire (Kcal/personne/jour)","Total General [S2901]","kcal/personne/jour","2581","Valeur estimée",""
"Bangladesh [BGD]","Disponibilité alimentaire (Kcal/personne/jour)","Viande de Volailles [S2734]","kcal/personne/jour","6.66","Valeur estimée",""
"Barbade [BRB]","Disponibilité alimentaire (Kcal/personne/jour)","Total General [S2901]","kcal/personne/jour","3198","Valeur estimée",""
"Barbade [BRB]","Disponibilité alimentaire (Kcal/personne/jour)","Viande de Volailles [S2734]","kcal/personne/jour","213.45","Valeur estimée",""
"Belgique [BEL]","Disponibilité alimentaire (Kcal/personne/jour)","Total General [S2901]","kcal/personne/jour","3909","Valeur estimée",""
"Belgique [BEL]","Disponibilité alimentaire (Kcal/personne/jour)","Viande de Volailles [S2734]","kcal/personne/jour","60.49","Valeur estimée",""
"Belize [BLZ]","Disponibilité alimentaire (Kcal/personne/jour)","Total General [S2901]","kcal/personne/jour","2815","Valeur estimée",""
"Belize [BLZ]","Disponibilité alimentaire (Kcal/personne/jour)","Viande de Volailles [S2734]","kcal/personne/jour","114.07","Valeur estimée",""
"Bhoutan [BTN]","Disponibilité alimentaire (Kcal/personne/jour)","Total General [S2901]","kcal/personne/jour","3215","Valeur estimée",""
"Bhoutan [BTN]","Disponibilité alimentaire (Kcal/personne/jour)","Viande de Volailles [S2734]","kcal/personne/jour","18.18","Valeur estimée",""
"Bolivie (État plurinational de) [BOL]","Disponibilité alimentaire (Kcal/personne/jour)","Total General [S2901]","kcal/personne/jour","2331","Valeur estimée",""
"Bolivie (État plurinational de) [BOL]","Disponibilité alimentaire (Kcal/personne/jour)","Viande de Volailles [S2734]","kcal/personne/jour","160.42","Valeur estimée",""
"Bosnie-Herzégovine [BIH]","Disponibilité alimentaire (Kcal/personne/jour)","Total General [S2901]","kcal/personne/jour","3368","Valeur estimée",""
"Bosnie-Herzégovine [BIH]","Disponibilité alimentaire (Kcal/personne/jour)","Viande de Volailles [S2734]","kcal/personne/jour","82.13","Valeur estimée",""
"Botswana [BWA]","Disponibilité alimentaire (Kcal/personne/jour)","Total General [S2901]","kcal/personne/jour","2622","Valeur estimée",""
"Botswana [BWA]","Disponibilité alimentaire (Kcal/personne/jour)","Viande de Volailles [S2734]","kcal/personne/jour","9.75","Valeur estimée",""
"Brésil [BRA]","Disponibilité alimentaire (Kcal/personne/jour)","Total General [S2901]","kcal/personne/jour","3305","Valeur estimée",""
"Brésil [BRA]","Disponibilité alimentaire (Kcal/personne/jour)","Viande de Volailles [S2734]","kcal/personne/jour","177.76","Valeur estimée",""
"Bulgarie [BGR]","Disponibilité alimentaire (Kcal/personne/jour)","Total General [S2901]","kcal/personne/jour","3055","Valeur estimée",""
"Bulgarie [BGR]","Disponibilité alimentaire (Kcal/personne/jour)","Viande de Volailles [S2734]","kcal/personne/jour","80.24","Valeur estimée",""
"Burkina Faso [BFA]","Disponibilité alimentaire (Kcal/personne/jour)","Total General [S2901]","kcal/personne/jour","2675","Valeur estimée",""
"Burkina Faso [BFA]","Disponibilité alimentaire (Kcal/personne/jour)","Viande de Volailles [S2734]","kcal/personne/jour","25.15","Valeur estimée",""
"Burundi [BDI]","Disponibilité alimentaire (Kcal/personne/jour)","Total General [S2901]","kcal/personne/jour","1755","Valeur estimée",""
"Burundi [BDI]","Disponibilité alimentaire (Kcal/personne/jour)","Viande de Volailles [S2734]","kcal/personne/jour","2.48","Valeur estimée",""
"Bélarus [BLR]","Disponibilité alimentaire (Kcal/personne/jour)","Total General [S2901]","kcal/personne/jour","3330","Valeur estimée",""
"Bélarus [BLR]","Disponibilité alimentaire (Kcal/personne/jour)","Viande de Volailles [S2734]","kcal/personne/jour","133.01","Valeur estimée",""
"Bénin [BEN]","Disponibilité alimentaire (Kcal/personne/jour)","Total General [S2901]","kcal/personne/jour","2786","Valeur estimée",""
"Bénin [BEN]","Disponibilité alimentaire (Kcal/personne/jour)","Viande de Volailles [S2734]","kcal/personne/jour","38.26","Valeur estimée",""
"Cabo Verde [CPV]","Disponibilité alimentaire (Kcal/personne/jour)","Total General [S2901]","kcal/personne/jour","2642","Valeur estimée",""
"Cabo Verde [CPV]","Disponibilité alimentaire (Kcal/personne/jour)","Viande de Volailles [S2734]","kcal/personne/jour","89.02","Valeur estimée",""
"Cambodge [KHM]","Disponibilité alimentaire (Kcal/personne/jour)","Total General [S2901]","kcal/personne/jour","2724","Valeur estimée",""
"Cambodge [KHM]","Disponibilité alimentaire (Kcal/personne/jour)","Viande de Volailles [S2734]","kcal/personne/jour","7.43","Valeur estimée",""
"Cameroun [CMR]","Disponibilité alimentaire (Kcal/personne/jour)","Total General [S2901]","kcal/personne/jour","2840","Valeur estimée",""
"Cameroun [CMR]","Disponibilité alimentaire (Kcal/personne/jour)","Viande de Volailles [S2734]","kcal/personne/jour","16.8","Valeur estimée",""
"Canada [CAN]","Disponibilité alimentaire (Kcal/personne/jour)","Total General [S2901]","kcal/personne/jour","3606","Valeur estimée",""
"Canada [CAN]","Disponibilité alimentaire (Kcal/personne/jour)","Viande de Volailles [S2734]","kcal/personne/jour","153.72","Valeur estimée",""
"Chili [CHL]","Disponibilité alimentaire (Kcal/personne/jour)","Total General [S2901]","kcal/personne/jour","3106","Valeur estimée",""
"Chili [CHL]","Disponibilité alimentaire (Kcal/personne/jour)","Viande de Volailles [S2734]","kcal/personne/jour","144.18","Valeur estimée",""
"Chine - RAS de Hong-Kong [HKG]","Disponibilité alimentaire (Kcal/personne/jour)","Total General [S2901]","kcal/personne/jour","2996","Valeur estimée",""
"Chine - RAS de Hong-Kong [HKG]","Disponibilité alimentaire (Kcal/personne/jour)","Viande de Volailles [S2734]","kcal/personne/jour","185.97","Valeur estimée",""
"Chine - RAS de Macao [MAC]","Disponibilité alimentaire (Kcal/personne/jour)","Total General [S2901]","kcal/personne/jour","2937","Valeur estimée",""
"Chine - RAS de Macao [MAC]","Disponibilité alimentaire (Kcal/personne/jour)","Viande de Volailles [S2734]","kcal/personne/jour","196.81","Valeur estimée",""
"Chine [F351]","Disponibilité alimentaire (Kcal/personne/jour)","Total General [S2901]","kcal/personne/jour","3441","Valeur estimée",""
"Chine [F351]","Disponibilité alimentaire (Kcal/personne/jour)","Viande de Volailles [S2734]","kcal/personne/jour","80.83","Valeur estimée",""
"Chine, Taiwan Province de [TWN]","Disponibilité alimentaire (Kcal/personne/jour)","Total General [S2901]","kcal/personne/jour","2957","Valeur estimée",""
"Chine, Taiwan Province de [TWN]","Disponibilité alimentaire (Kcal/personne/jour)","Viande de Volailles [S2734]","kcal/personne/jour","160.09","Valeur estimée",""
"Chine, continentale [CHN]","Disponibilité alimentaire (Kcal/personne/jour)","Total General [S2901]","kcal/personne/jour","3452","Valeur estimée",""
"Chine, continentale [CHN]","Disponibilité alimentaire (Kcal/personne/jour)","Viande de Volailles [S2734]","kcal/personne/jour","78.89","Valeur estimée",""
"Chypre [CYP]","Disponibilité alimentaire (Kcal/personne/jour)","Total General [S2901]","kcal/personne/jour","3037","Valeur estimée",""
"Chypre [CYP]","Disponibilité alimentaire (Kcal/personne/jour)","Viande de Volailles [S2734]","kcal/personne/jour","112.02","Valeur estimée",""
"Colombie [COL]","Disponibilité alimentaire (Kcal/personne/jour)","Total General [S2901]","kcal/personne/jour","3112","Valeur estimée",""
"Colombie [COL]","Disponibilité alimentaire (Kcal/personne/jour)","Viande de Volailles [S2734]","kcal/personne/jour","138.46","Valeur estimée",""
"Comores [COM]","Disponibilité alimentaire (Kcal/personne/jour)","Total General [S2901]","kcal/personne/jour","2416","Valeur estimée",""
"Comores [COM]","Disponibilité alimentaire (Kcal/personne/jour)","Viande de Volailles [S2734]","kcal/personne/jour","87.26","Valeur estimée",""
"Congo [COG]","Disponibilité alimentaire (Kcal/personne/jour)","Total General [S2901]","kcal/personne/jour","2191","Valeur estimée",""
"Congo [COG]","Disponibilité alimentaire (Kcal/personne/jour)","Viande de Volailles [S2734]","kcal/personne/jour","103.74","Valeur estimée",""
"Costa Rica [CRI]","Disponibilité alimentaire (Kcal/personne/jour)","Total General [S2901]","kcal/personne/jour","2942","Valeur estimée",""
"Costa Rica [CRI]","Disponibilité alimentaire (Kcal/personne/jour)","Viande de Volailles [S2734]","kcal/personne/jour","121.71","Valeur estimée",""
"Croatie [HRV]","Disponibilité alimentaire (Kcal/personne/jour)","Total General [S2901]","kcal/personne/jour","3317","Valeur estimée",""
"Croatie [HRV]","Disponibilité alimentaire (Kcal/personne/jour)","Viande de Volailles [S2734]","kcal/personne/jour","71.98","Valeur estimée",""
"Cuba [CUB]","Disponibilité alimentaire (Kcal/personne/jour)","Total General [S2901]","kcal/personne/jour","3270","Valeur estimée",""
"Cuba [CUB]","Disponibilité alimentaire (Kcal/personne/jour)","Viande de Volailles [S2734]","kcal/personne/jour","112.59","Valeur estimée",""
"Côte d'Ivoire [CIV]","Disponibilité alimentaire (Kcal/personne/jour)","Total General [S2901]","kcal/personne/jour","2953","Valeur estimée",""
"Côte d'Ivoire [CIV]","Disponibilité alimentaire (Kcal/personne/jour)","Viande de Volailles [S2734]","kcal/personne/jour","9.26","Valeur estimée",""
"Danemark [DNK]","Disponibilité alimentaire (Kcal/personne/jour)","Total General [S2901]","kcal/personne/jour","3592","Valeur estimée",""
"Danemark [DNK]","Disponibilité alimentaire (Kcal/personne/jour)","Viande de Volailles [S2734]","kcal/personne/jour","69.74","Valeur estimée",""
"Djibouti [DJI]","Disponibilité alimentaire (Kcal/personne/jour)","Total General [S2901]","kcal/personne/jour","2766","Valeur estimée",""
"Djibouti [DJI]","Disponibilité alimentaire (Kcal/personne/jour)","Viande de Volailles [S2734]","kcal/personne/jour","15.15","Valeur estimée",""
"Dominique [DMA]","Disponibilité alimentaire (Kcal/personne/jour)","Total General [S2901]","kcal/personne/jour","3013","Valeur estimée",""
"Dominique [DMA]","Disponibilité alimentaire (Kcal/personne/jour)","Viande de Volailles [S2734]","kcal/personne/jour","174.27","Valeur estimée",""
"El Salvador [SLV]","Disponibilité alimentaire (Kcal/personne/jour)","Total General [S2901]","kcal/personne/jour","2836","Valeur estimée",""
"El Salvador [SLV]","Disponibilité alimentaire (Kcal/personne/jour)","Viande de Volailles [S2734]","kcal/personne/jour","106.43","Valeur estimée",""
"Espagne [ESP]","Disponibilité alimentaire (Kcal/personne/jour)","Total General [S2901]","kcal/personne/jour","3375","Valeur estimée",""
"Espagne [ESP]","Disponibilité alimentaire (Kcal/personne/jour)","Viande de Volailles [S2734]","kcal/personne/jour","119.16","Valeur estimée",""
"Estonie [EST]","Disponibilité alimentaire (Kcal/personne/jour)","Total General [S2901]","kcal/personne/jour","3298","Valeur estimée",""
"Estonie [EST]","Disponibilité alimentaire (Kcal/personne/jour)","Viande de Volailles [S2734]","kcal/personne/jour","94.65","Valeur estimée",""
"Eswatini [SWZ]","Disponibilité alimentaire (Kcal/personne/jour)","Total General [S2901]","kcal/personne/jour","2553","Valeur estimée",""
"Eswatini [SWZ]","Disponibilité alimentaire (Kcal/personne/jour)","Viande de Volailles [S2734]","kcal/personne/jour","23.68","Valeur estimée",""
"Fidji [FJI]","Disponibilité alimentaire (Kcal/personne/jour)","Total General [S2901]","kcal/personne/jour","2949","Valeur estimée",""
"Fidji [FJI]","Disponibilité alimentaire (Kcal/personne/jour)","Viande de Volailles [S2734]","kcal/personne/jour","141.15","Valeur estimée",""
"Finlande [FIN]","Disponibilité alimentaire (Kcal/personne/jour)","Total General [S2901]","kcal/personne/jour","3378","Valeur estimée",""
"Finlande [FIN]","Disponibilité alimentaire (Kcal/personne/jour)","Viande de Volailles [S2734]","kcal/personne/jour","90.52","Valeur estimée",""
"France [FRA]","Disponibilité alimentaire (Kcal/personne/jour)","Total General [S2901]","kcal/personne/jour","3595","Valeur estimée",""
"France [FRA]","Disponibilité alimentaire (Kcal/personne/jour)","Viande de Volailles [S2734]","kcal/personne/jour","93.48","Valeur estimée",""
"Fédération de Russie [RUS]","Disponibilité alimentaire (Kcal/personne/jour)","Total General [S2901]","kcal/personne/jour","3454","Valeur estimée",""
"Fédération de Russie [RUS]","Disponibilité alimentaire (Kcal/personne/jour)","Viande de Volailles [S2734]","kcal/personne/jour","129.38","Valeur estimée",""
"Gabon [GAB]","Disponibilité alimentaire (Kcal/personne/jour)","Total General [S2901]","kcal/personne/jour","2552","Valeur estimée",""
"Gabon [GAB]","Disponibilité alimentaire (Kcal/personne/jour)","Viande de Volailles [S2734]","kcal/personne/jour","143.08","Valeur estimée",""
"Gambie [GMB]","Disponibilité alimentaire (Kcal/personne/jour)","Total General [S2901]","kcal/personne/jour","2452","Valeur estimée",""
"Gambie [GMB]","Disponibilité alimentaire (Kcal/personne/jour)","Viande de Volailles [S2734]","kcal/personne/jour","76.98","Valeur estimée",""
"Ghana [GHA]","Disponibilité alimentaire (Kcal/personne/jour)","Total General [S2901]","kcal/personne/jour","3102","Valeur estimée",""
"Ghana [GHA]","Disponibilité alimentaire (Kcal/personne/jour)","Viande de Volailles [S2734]","kcal/personne/jour","35.96","Valeur estimée",""
"Grenade [GRD]","Disponibilité alimentaire (Kcal/personne/jour)","Total General [S2901]","kcal/personne/jour","2613","Valeur estimée",""
"Grenade [GRD]","Disponibilité alimentaire (Kcal/personne/jour)","Viande de Volailles [S2734]","kcal/personne/jour","185.89","Valeur estimée",""
"Grèce [GRC]","Disponibilité alimentaire (Kcal/personne/jour)","Total General [S2901]","kcal/personne/jour","3398","Valeur estimée",""
"Grèce [GRC]","Disponibilité alimentaire (Kcal/personne/jour)","Viande de Volailles [S2734]","kcal/personne/jour","98.55","Valeur estimée",""
"Guatemala [GTM]","Disponibilité alimentaire (Kcal/personne/jour)","Total General [S2901]","kcal/personne/jour","2791","Valeur estimée",""
"Guatemala [GTM]","Disponibilité alimentaire (Kcal/personne/jour)","Viande de Volailles [S2734]","kcal/personne/jour","111.52","Valeur estimée",""
"Guinée [GIN]","Disponibilité alimentaire (Kcal/personne/jour)","Total General [S2901]","kcal/personne/jour","2913","Valeur estimée",""
"Guinée [GIN]","Disponibilité alimentaire (Kcal/personne/jour)","Viande de Volailles [S2734]","kcal/personne/jour","17.38","Valeur estimée",""
"Guinée-Bissau [GNB]","Disponibilité alimentaire (Kcal/personne/jour)","Total General [S2901]","kcal/personne/jour","2291","Valeur estimée",""
"Guinée-Bissau [GNB]","Disponibilité alimentaire (Kcal/personne/jour)","Viande de Volailles [S2734]","kcal/personne/jour","11.11","Valeur estimée",""
"Guyana [GUY]","Disponibilité alimentaire (Kcal/personne/jour)","Total General [S2901]","kcal/personne/jour","3253","Valeur estimée",""
"Guyana [GUY]","Disponibilité alimentaire (Kcal/personne/jour)","Viande de Volailles [S2734]","kcal/personne/jour","249.03","Valeur estimée",""
"Géorgie [GEO]","Disponibilité alimentaire (Kcal/personne/jour)","Total General [S2901]","kcal/personne/jour","3106","Valeur estimée",""
"Géorgie [GEO]","Disponibilité alimentaire (Kcal/personne/jour)","Viande de Volailles [S2734]","kcal/personne/jour","72.54","Valeur estimée",""
"Haïti [HTI]","Disponibilité alimentaire (Kcal/personne/jour)","Total General [S2901]","kcal/personne/jour","1978","Valeur estimée",""
"Haïti [HTI]","Disponibilité alimentaire (Kcal/personne/jour)","Viande de Volailles [S2734]","kcal/personne/jour","37.36","Valeur estimée",""
"Honduras [HND]","Disponibilité alimentaire (Kcal/personne/jour)","Total General [S2901]","kcal/personne/jour","2654","Valeur estimée",""
"Honduras [HND]","Disponibilité alimentaire (Kcal/personne/jour)","Viande de Volailles [S2734]","kcal/personne/jour","98.26","Valeur estimée",""
"Hongrie [HUN]","Disponibilité alimentaire (Kcal/personne/jour)","Total General [S2901]","kcal/personne/jour","3430","Valeur estimée",""
"Hongrie [HUN]","Disponibilité alimentaire (Kcal/personne/jour)","Viande de Volailles [S2734]","kcal/personne/jour","94.18","Valeur estimée",""
"Inde [IND]","Disponibilité alimentaire (Kcal/personne/jour)","Total General [S2901]","kcal/personne/jour","2589","Valeur estimée",""
"Inde [IND]","Disponibilité alimentaire (Kcal/personne/jour)","Viande de Volailles [S2734]","kcal/personne/jour","13.21","Valeur estimée",""
"Indonésie [IDN]","Disponibilité alimentaire (Kcal/personne/jour)","Total General [S2901]","kcal/personne/jour","2830","Valeur estimée",""
"Indonésie [IDN]","Disponibilité alimentaire (Kcal/personne/jour)","Viande de Volailles [S2734]","kcal/personne/jour","56.01","Valeur estimée",""
"Iran (République islamique d') [IRN]","Disponibilité alimentaire (Kcal/personne/jour)","Total General [S2901]","kcal/personne/jour","2879","Valeur estimée",""
"Iran (République islamique d') [IRN]","Disponibilité alimentaire (Kcal/personne/jour)","Viande de Volailles [S2734]","kcal/personne/jour","92.86","Valeur estimée",""
"Iraq [IRQ]","Disponibilité alimentaire (Kcal/personne/jour)","Total General [S2901]","kcal/personne/jour","2685","Valeur estimée",""
"Iraq [IRQ]","Disponibilité alimentaire (Kcal/personne/jour)","Viande de Volailles [S2734]","kcal/personne/jour","62.19","Valeur estimée",""
"Irlande [IRL]","Disponibilité alimentaire (Kcal/personne/jour)","Total General [S2901]","kcal/personne/jour","3911","Valeur estimée",""
"Irlande [IRL]","Disponibilité alimentaire (Kcal/personne/jour)","Viande de Volailles [S2734]","kcal/personne/jour","168.5","Valeur estimée",""
"Islande [ISL]","Disponibilité alimentaire (Kcal/personne/jour)","Total General [S2901]","kcal/personne/jour","3677","Valeur estimée",""
"Islande [ISL]","Disponibilité alimentaire (Kcal/personne/jour)","Viande de Volailles [S2734]","kcal/personne/jour","116.64","Valeur estimée",""
"Israël [ISR]","Disponibilité alimentaire (Kcal/personne/jour)","Total General [S2901]","kcal/personne/jour","3923","Valeur estimée",""
"Israël [ISR]","Disponibilité alimentaire (Kcal/personne/jour)","Viande de Volailles [S2734]","kcal/personne/jour","263.98","Valeur estimée",""
"Italie [ITA]","Disponibilité alimentaire (Kcal/personne/jour)","Total General [S2901]","kcal/personne/jour","3703","Valeur estimée",""
"Italie [ITA]","Disponibilité alimentaire (Kcal/personne/jour)","Viande de Volailles [S2734]","kcal/personne/jour","74.87","Valeur estimée",""
"Jamaïque [JAM]","Disponibilité alimentaire (Kcal/personne/jour)","Total General [S2901]","kcal/personne/jour","2928","Valeur estimée",""
"Jamaïque [JAM]","Disponibilité alimentaire (Kcal/personne/jour)","Viande de Volailles [S2734]","kcal/personne/jour","210.35","Valeur estimée",""
"Japon [JPN]","Disponibilité alimentaire (Kcal/personne/jour)","Total General [S2901]","kcal/personne/jour","2693","Valeur estimée",""
"Japon [JPN]","Disponibilité alimentaire (Kcal/personne/jour)","Viande de Volailles [S2734]","kcal/personne/jour","108.68","Valeur estimée",""
"Jordanie [JOR]","Disponibilité alimentaire (Kcal/personne/jour)","Total General [S2901]","kcal/personne/jour","2557","Valeur estimée",""
"Jordanie [JOR]","Disponibilité alimentaire (Kcal/personne/jour)","Viande de Volailles [S2734]","kcal/personne/jour","100.35","Valeur estimée",""
"Kazakhstan [KAZ]","Disponibilité alimentaire (Kcal/personne/jour)","Total General [S2901]","kcal/personne/jour","3440","Valeur estimée",""
"Kazakhstan [KAZ]","Disponibilité alimentaire (Kcal/personne/jour)","Viande de Volailles [S2734]","kcal/personne/jour","83","Valeur estimée",""
"Kenya [KEN]","Disponibilité alimentaire (Kcal/personne/jour)","Total General [S2901]","kcal/personne/jour","2100","Valeur estimée",""
"Kenya [KEN]","Disponibilité alimentaire (Kcal/personne/jour)","Viande de Volailles [S2734]","kcal/personne/jour","7.82","Valeur estimée",""
"Kirghizistan [KGZ]","Disponibilité alimentaire (Kcal/personne/jour)","Total General [S2901]","kcal/personne/jour","2761","Valeur estimée",""
"Kirghizistan [KGZ]","Disponibilité alimentaire (Kcal/personne/jour)","Viande de Volailles [S2734]","kcal/personne/jour","28.74","Valeur estimée",""
"Kiribati [KIR]","Disponibilité alimentaire (Kcal/personne/jour)","Total General [S2901]","kcal/personne/jour","3096","Valeur estimée",""
"Kiribati [KIR]","Disponibilité alimentaire (Kcal/personne/jour)","Viande de Volailles [S2734]","kcal/personne/jour","90.96","Valeur estimée",""
"Koweït [KWT]","Disponibilité alimentaire (Kcal/personne/jour)","Total General [S2901]","kcal/personne/jour","3508","Valeur estimée",""
"Koweït [KWT]","Disponibilité alimentaire (Kcal/personne/jour)","Viande de Volailles [S2734]","kcal/personne/jour","199.06","Valeur estimée",""
"Lesotho [LSO]","Disponibilité alimentaire (Kcal/personne/jour)","Total General [S2901]","kcal/personne/jour","1806","Valeur estimée",""
"Lesotho [LSO]","Disponibilité alimentaire (Kcal/personne/jour)","Viande de Volailles [S2734]","kcal/personne/jour","3.87","Valeur estimée",""
"Lettonie [LVA]","Disponibilité alimentaire (Kcal/personne/jour)","Total General [S2901]","kcal/personne/jour","3313","Valeur estimée",""
"Lettonie [LVA]","Disponibilité alimentaire (Kcal/personne/jour)","Viande de Volailles [S2734]","kcal/personne/jour","111.89","Valeur estimée",""
"Liban [LBN]","Disponibilité alimentaire (Kcal/personne/jour)","Total General [S2901]","kcal/personne/jour","2926","Valeur estimée",""
"Liban [LBN]","Disponibilité alimentaire (Kcal/personne/jour)","Viande de Volailles [S2734]","kcal/personne/jour","89.43","Valeur estimée",""
"Libye [LBY]","Disponibilité alimentaire (Kcal/personne/jour)","Total General [S2901]","kcal/personne/jour","3195","Valeur estimée",""
"Libye [LBY]","Disponibilité alimentaire (Kcal/personne/jour)","Viande de Volailles [S2734]","kcal/personne/jour","130.7","Valeur estimée",""
"Libéria [LBR]","Disponibilité alimentaire (Kcal/personne/jour)","Total General [S2901]","kcal/personne/jour","2103","Valeur estimée",""
"Libéria [LBR]","Disponibilité alimentaire (Kcal/personne/jour)","Viande de Volailles [S2734]","kcal/personne/jour","48.83","Valeur estimée",""
"Lituanie [LTU]","Disponibilité alimentaire (Kcal/personne/jour)","Total General [S2901]","kcal/personne/jour","3407","Valeur estimée",""
"Lituanie [LTU]","Disponibilité alimentaire (Kcal/personne/jour)","Viande de Volailles [S2734]","kcal/personne/jour","100.02","Valeur estimée",""
"Luxembourg [LUX]","Disponibilité alimentaire (Kcal/personne/jour)","Total General [S2901]","kcal/personne/jour","3483","Valeur estimée",""
"Luxembourg [LUX]","Disponibilité alimentaire (Kcal/personne/jour)","Viande de Volailles [S2734]","kcal/personne/jour","78.27","Valeur estimée",""
"Macédoine du Nord [MKD]","Disponibilité alimentaire (Kcal/personne/jour)","Total General [S2901]","kcal/personne/jour","3148","Valeur estimée",""
"Macédoine du Nord [MKD]","Disponibilité alimentaire (Kcal/personne/jour)","Viande de Volailles [S2734]","kcal/personne/jour","69.09","Valeur estimée",""
"Madagascar [MDG]","Disponibilité alimentaire (Kcal/personne/jour)","Total General [S2901]","kcal/personne/jour","1979","Valeur estimée",""
"Madagascar [MDG]","Disponibilité alimentaire (Kcal/personne/jour)","Viande de Volailles [S2734]","kcal/personne/jour","13.3","Valeur estimée",""
"Malaisie [MYS]","Disponibilité alimentaire (Kcal/personne/jour)","Total General [S2901]","kcal/personne/jour","3003","Valeur estimée",""
"Malaisie [MYS]","Disponibilité alimentaire (Kcal/personne/jour)","Viande de Volailles [S2734]","kcal/personne/jour","202.57","Valeur estimée",""
"Malawi [MWI]","Disponibilité alimentaire (Kcal/personne/jour)","Total General [S2901]","kcal/personne/jour","2643","Valeur estimée",""
"Malawi [MWI]","Disponibilité alimentaire (Kcal/personne/jour)","Viande de Volailles [S2734]","kcal/personne/jour","27.23","Valeur estimée",""
"Maldives [MDV]","Disponibilité alimentaire (Kcal/personne/jour)","Total General [S2901]","kcal/personne/jour","2653","Valeur estimée",""
"Maldives [MDV]","Disponibilité alimentaire (Kcal/personne/jour)","Viande de Volailles [S2734]","kcal/personne/jour","83.45","Valeur estimée",""
"Mali [MLI]","Disponibilité alimentaire (Kcal/personne/jour)","Total General [S2901]","kcal/personne/jour","2792","Valeur estimée",""
"Mali [MLI]","Disponibilité alimentaire (Kcal/personne/jour)","Viande de Volailles [S2734]","kcal/personne/jour","9.68","Valeur estimée",""
"Malte [MLT]","Disponibilité alimentaire (Kcal/personne/jour)","Total General [S2901]","kcal/personne/jour","3298","Valeur estimée",""
"Malte [MLT]","Disponibilité alimentaire (Kcal/personne/jour)","Viande de Volailles [S2734]","kcal/personne/jour","96.56","Valeur estimée",""
"Maroc [MAR]","Disponibilité alimentaire (Kcal/personne/jour)","Total General [S2901]","kcal/personne/jour","3328","Valeur estimée",""
"Maroc [MAR]","Disponibilité alimentaire (Kcal/personne/jour)","Viande de Volailles [S2734]","kcal/personne/jour","64.11","Valeur estimée",""
"Maurice [MUS]","Disponibilité alimentaire (Kcal/personne/jour)","Total General [S2901]","kcal/personne/jour","3111","Valeur estimée",""
"Maurice [MUS]","Disponibilité alimentaire (Kcal/personne/jour)","Viande de Volailles [S2734]","kcal/personne/jour","172.45","Valeur estimée",""
"Mauritanie [MRT]","Disponibilité alimentaire (Kcal/personne/jour)","Total General [S2901]","kcal/personne/jour","3000","Valeur estimée",""
"Mauritanie [MRT]","Disponibilité alimentaire (Kcal/personne/jour)","Viande de Volailles [S2734]","kcal/personne/jour","29.4","Valeur estimée",""
"Mexique [MEX]","Disponibilité alimentaire (Kcal/personne/jour)","Total General [S2901]","kcal/personne/jour","3326","Valeur estimée",""
"Mexique [MEX]","Disponibilité alimentaire (Kcal/personne/jour)","Viande de Volailles [S2734]","kcal/personne/jour","145.98","Valeur estimée",""
"Micronésie (États fédérés de) [FSM]","Disponibilité alimentaire (Kcal/personne/jour)","Total General [S2901]","kcal/personne/jour","2755","Valeur estimée",""
"Micronésie (États fédérés de) [FSM]","Disponibilité alimentaire (Kcal/personne/jour)","Viande de Volailles [S2734]","kcal/personne/jour","141.62","Valeur estimée",""
"Mongolie [MNG]","Disponibilité alimentaire (Kcal/personne/jour)","Total General [S2901]","kcal/personne/jour","3088","Valeur estimée",""
"Mongolie [MNG]","Disponibilité alimentaire (Kcal/personne/jour)","Viande de Volailles [S2734]","kcal/personne/jour","27.07","Valeur estimée",""
"Monténégro [MNE]","Disponibilité alimentaire (Kcal/personne/jour)","Total General [S2901]","kcal/personne/jour","3574","Valeur estimée",""
"Monténégro [MNE]","Disponibilité alimentaire (Kcal/personne/jour)","Viande de Volailles [S2734]","kcal/personne/jour","73.57","Valeur estimée",""
"Mozambique [MOZ]","Disponibilité alimentaire (Kcal/personne/jour)","Total General [S2901]","kcal/personne/jour","2155","Valeur estimée",""
"Mozambique [MOZ]","Disponibilité alimentaire (Kcal/personne/jour)","Viande de Volailles [S2734]","kcal/personne/jour","22.38","Valeur estimée",""
"Myanmar [MMR]","Disponibilité alimentaire (Kcal/personne/jour)","Total General [S2901]","kcal/personne/jour","2807","Valeur estimée",""
"Myanmar [MMR]","Disponibilité alimentaire (Kcal/personne/jour)","Viande de Volailles [S2734]","kcal/personne/jour","47.3","Valeur estimée",""
"Namibie [NAM]","Disponibilité alimentaire (Kcal/personne/jour)","Total General [S2901]","kcal/personne/jour","2586","Valeur estimée",""
"Namibie [NAM]","Disponibilité alimentaire (Kcal/personne/jour)","Viande de Volailles [S2734]","kcal/personne/jour","36.49","Valeur estimée",""
"Nauru [NRU]","Disponibilité alimentaire (Kcal/personne/jour)","Total General [S2901]","kcal/personne/jour","2993","Valeur estimée",""
"Nauru [NRU]","Disponibilité alimentaire (Kcal/personne/jour)","Viande de Volailles [S2734]","kcal/personne/jour","177.22","Valeur estimée",""
"Nicaragua [NIC]","Disponibilité alimentaire (Kcal/personne/jour)","Total General [S2901]","kcal/personne/jour","2694","Valeur estimée",""
"Nicaragua [NIC]","Disponibilité alimentaire (Kcal/personne/jour)","Viande de Volailles [S2734]","kcal/personne/jour","89.6","Valeur estimée",""
"Niger [NER]","Disponibilité alimentaire (Kcal/personne/jour)","Total General [S2901]","kcal/personne/jour","2631","Valeur estimée",""
"Niger [NER]","Disponibilité alimentaire (Kcal/personne/jour)","Viande de Volailles [S2734]","kcal/personne/jour","3.23","Valeur estimée",""
"Nigéria [NGA]","Disponibilité alimentaire (Kcal/personne/jour)","Total General [S2901]","kcal/personne/jour","2503","Valeur estimée",""
"Nigéria [NGA]","Disponibilité alimentaire (Kcal/personne/jour)","Viande de Volailles [S2734]","kcal/personne/jour","6.14","Valeur estimée",""
"Norvège [NOR]","Disponibilité alimentaire (Kcal/personne/jour)","Total General [S2901]","kcal/personne/jour","3505","Valeur estimée",""
"Norvège [NOR]","Disponibilité alimentaire (Kcal/personne/jour)","Viande de Volailles [S2734]","kcal/personne/jour","80.95","Valeur estimée",""
"Nouvelle-Calédonie [NCL]","Disponibilité alimentaire (Kcal/personne/jour)","Total General [S2901]","kcal/personne/jour","2956","Valeur estimée",""
"Nouvelle-Calédonie [NCL]","Disponibilité alimentaire (Kcal/personne/jour)","Viande de Volailles [S2734]","kcal/personne/jour","141.6","Valeur estimée",""
"Nouvelle-Zélande [NZL]","Disponibilité alimentaire (Kcal/personne/jour)","Total General [S2901]","kcal/personne/jour","3147","Valeur estimée",""
"Nouvelle-Zélande [NZL]","Disponibilité alimentaire (Kcal/personne/jour)","Viande de Volailles [S2734]","kcal/personne/jour","97.99","Valeur estimée",""
"Népal [NPL]","Disponibilité alimentaire (Kcal/personne/jour)","Total General [S2901]","kcal/personne/jour","2931","Valeur estimée",""
"Népal [NPL]","Disponibilité alimentaire (Kcal/personne/jour)","Viande de Volailles [S2734]","kcal/personne/jour","25.41","Valeur estimée",""
"Oman [OMN]","Disponibilité alimentaire (Kcal/personne/jour)","Total General [S2901]","kcal/personne/jour","3064","Valeur estimée",""
"Oman [OMN]","Disponibilité alimentaire (Kcal/personne/jour)","Viande de Volailles [S2734]","kcal/personne/jour","73.39","Valeur estimée",""
"Ouganda [UGA]","Disponibilité alimentaire (Kcal/personne/jour)","Total General [S2901]","kcal/personne/jour","2166","Valeur estimée",""
"Ouganda [UGA]","Disponibilité alimentaire (Kcal/personne/jour)","Viande de Volailles [S2734]","kcal/personne/jour","5.5","Valeur estimée",""
"Ouzbékistan [UZB]","Disponibilité alimentaire (Kcal/personne/jour)","Total General [S2901]","kcal/personne/jour","3272","Valeur estimée",""
"Ouzbékistan [UZB]","Disponibilité alimentaire (Kcal/personne/jour)","Viande de Volailles [S2734]","kcal/personne/jour","22.07","Valeur estimée",""
"Pakistan [PAK]","Disponibilité alimentaire (Kcal/personne/jour)","Total General [S2901]","kcal/personne/jour","2443","Valeur estimée",""
"Pakistan [PAK]","Disponibilité alimentaire (Kcal/personne/jour)","Viande de Volailles [S2734]","kcal/personne/jour","31.74","Valeur estimée",""
"Panama [PAN]","Disponibilité alimentaire (Kcal/personne/jour)","Total General [S2901]","kcal/personne/jour","3061","Valeur estimée",""
"Panama [PAN]","Disponibilité alimentaire (Kcal/personne/jour)","Viande de Volailles [S2734]","kcal/personne/jour","191.16","Valeur estimée",""
"Papouasie-Nouvelle-Guinée [PNG]","Disponibilité alimentaire (Kcal/personne/jour)","Total General [S2901]","kcal/personne/jour","2223","Valeur estimée",""
"Papouasie-Nouvelle-Guinée [PNG]","Disponibilité alimentaire (Kcal/personne/jour)","Viande de Volailles [S2734]","kcal/personne/jour","13.38","Valeur estimée",""
"Paraguay [PRY]","Disponibilité alimentaire (Kcal/personne/jour)","Total General [S2901]","kcal/personne/jour","3056","Valeur estimée",""
"Paraguay [PRY]","Disponibilité alimentaire (Kcal/personne/jour)","Viande de Volailles [S2734]","kcal/personne/jour","39.94","Valeur estimée",""
"Pays-Bas (Royaume des) [NLD]","Disponibilité alimentaire (Kcal/personne/jour)","Total General [S2901]","kcal/personne/jour","3536","Valeur estimée",""
"Pays-Bas (Royaume des) [NLD]","Disponibilité alimentaire (Kcal/personne/jour)","Viande de Volailles [S2734]","kcal/personne/jour","52.19","Valeur estimée",""
"Philippines [PHL]","Disponibilité alimentaire (Kcal/personne/jour)","Total General [S2901]","kcal/personne/jour","2849","Valeur estimée",""
"Philippines [PHL]","Disponibilité alimentaire (Kcal/personne/jour)","Viande de Volailles [S2734]","kcal/personne/jour","59.64","Valeur estimée",""
"Pologne [POL]","Disponibilité alimentaire (Kcal/personne/jour)","Total General [S2901]","kcal/personne/jour","3616","Valeur estimée",""
"Pologne [POL]","Disponibilité alimentaire (Kcal/personne/jour)","Viande de Volailles [S2734]","kcal/personne/jour","110.32","Valeur estimée",""
"Polynésie française [PYF]","Disponibilité alimentaire (Kcal/personne/jour)","Total General [S2901]","kcal/personne/jour","2880","Valeur estimée",""
"Polynésie française [PYF]","Disponibilité alimentaire (Kcal/personne/jour)","Viande de Volailles [S2734]","kcal/personne/jour","181.18","Valeur estimée",""
"Portugal [PRT]","Disponibilité alimentaire (Kcal/personne/jour)","Total General [S2901]","kcal/personne/jour","3510","Valeur estimée",""
"Portugal [PRT]","Disponibilité alimentaire (Kcal/personne/jour)","Viande de Volailles [S2734]","kcal/personne/jour","123.48","Valeur estimée",""
"Pérou [PER]","Disponibilité alimentaire (Kcal/personne/jour)","Total General [S2901]","kcal/personne/jour","2805","Valeur estimée",""
"Pérou [PER]","Disponibilité alimentaire (Kcal/personne/jour)","Viande de Volailles [S2734]","kcal/personne/jour","200.72","Valeur estimée",""
"Qatar [QAT]","Disponibilité alimentaire (Kcal/personne/jour)","Total General [S2901]","kcal/personne/jour","3540","Valeur estimée",""
"Qatar [QAT]","Disponibilité alimentaire (Kcal/personne/jour)","Viande de Volailles [S2734]","kcal/personne/jour","226.29","Valeur estimée",""
"Roumanie [ROU]","Disponibilité alimentaire (Kcal/personne/jour)","Total General [S2901]","kcal/personne/jour","3623","Valeur estimée",""
"Roumanie [ROU]","Disponibilité alimentaire (Kcal/personne/jour)","Viande de Volailles [S2734]","kcal/personne/jour","85.01","Valeur estimée",""
"Royaume-Uni de Grande-Bretagne et d'Irlande du Nord [GBR]","Disponibilité alimentaire (Kcal/personne/jour)","Total General [S2901]","kcal/personne/jour","3355","Valeur estimée",""
"Royaume-Uni de Grande-Bretagne et d'Irlande du Nord [GBR]","Disponibilité alimentaire (Kcal/personne/jour)","Viande de Volailles [S2734]","kcal/personne/jour","138.22","Valeur estimée",""
"Rwanda [RWA]","Disponibilité alimentaire (Kcal/personne/jour)","Total General [S2901]","kcal/personne/jour","2315","Valeur estimée",""
"Rwanda [RWA]","Disponibilité alimentaire (Kcal/personne/jour)","Viande de Volailles [S2734]","kcal/personne/jour","2.82","Valeur estimée",""
"République arabe syrienne [SYR]","Disponibilité alimentaire (Kcal/personne/jour)","Total General [S2901]","kcal/personne/jour","2387","Valeur estimée",""
"République arabe syrienne [SYR]","Disponibilité alimentaire (Kcal/personne/jour)","Viande de Volailles [S2734]","kcal/personne/jour","20.05","Valeur estimée",""
"République centrafricaine [CAF]","Disponibilité alimentaire (Kcal/personne/jour)","Total General [S2901]","kcal/personne/jour","2210","Valeur estimée",""
"République centrafricaine [CAF]","Disponibilité alimentaire (Kcal/personne/jour)","Viande de Volailles [S2734]","kcal/personne/jour","8.77","Valeur estimée",""
"République de Corée [KOR]","Disponibilité alimentaire (Kcal/personne/jour)","Total General [S2901]","kcal/personne/jour","3442","Valeur estimée",""
"République de Corée [KOR]","Disponibilité alimentaire (Kcal/personne/jour)","Viande de Volailles [S2734]","kcal/personne/jour","84.24","Valeur estimée",""
"République de Moldova [MDA]","Disponibilité alimentaire (Kcal/personne/jour)","Total General [S2901]","kcal/personne/jour","2889","Valeur estimée",""
"République de Moldova [MDA]","Disponibilité alimentaire (Kcal/personne/jour)","Viande de Volailles [S2734]","kcal/personne/jour","94.7","Valeur estimée",""
"République dominicaine [DOM]","Disponibilité alimentaire (Kcal/personne/jour)","Total General [S2901]","kcal/personne/jour","3228","Valeur estimée",""
"République dominicaine [DOM]","Disponibilité alimentaire (Kcal/personne/jour)","Viande de Volailles [S2734]","kcal/personne/jour","139.31","Valeur estimée",""
"République démocratique du Congo [COD]","Disponibilité alimentaire (Kcal/personne/jour)","Total General [S2901]","kcal/personne/jour","2150","Valeur estimée",""
"République démocratique du Congo [COD]","Disponibilité alimentaire (Kcal/personne/jour)","Viande de Volailles [S2734]","kcal/personne/jour","3.78","Valeur estimée",""
"République démocratique populaire lao [LAO]","Disponibilité alimentaire (Kcal/personne/jour)","Total General [S2901]","kcal/personne/jour","3169","Valeur estimée",""
"République démocratique populaire lao [LAO]","Disponibilité alimentaire (Kcal/personne/jour)","Viande de Volailles [S2734]","kcal/personne/jour","24.76","Valeur estimée",""
"République populaire démocratique de Corée [PRK]","Disponibilité alimentaire (Kcal/personne/jour)","Total General [S2901]","","","",""
"République populaire démocratique de Corée [PRK]","Disponibilité alimentaire (Kcal/personne/jour)","Viande de Volailles [S2734]","","","",""
"République-Unie de Tanzanie [TZA]","Disponibilité alimentaire (Kcal/personne/jour)","Total General [S2901]","kcal/personne/jour","2358","Valeur estimée",""
"République-Unie de Tanzanie [TZA]","Disponibilité alimentaire (Kcal/personne/jour)","Viande de Volailles [S2734]","kcal/personne/jour","5.91","Valeur estimée",""
"Saint-Kitts-et-Nevis [KNA]","Disponibilité alimentaire (Kcal/personne/jour)","Total General [S2901]","kcal/personne/jour","2867","Valeur estimée",""
"Saint-Kitts-et-Nevis [KNA]","Disponibilité alimentaire (Kcal/personne/jour)","Viande de Volailles [S2734]","kcal/personne/jour","231.09","Valeur estimée",""
"Saint-Vincent-et-les Grenadines [VCT]","Disponibilité alimentaire (Kcal/personne/jour)","Total General [S2901]","kcal/personne/jour","2963","Valeur estimée",""
"Saint-Vincent-et-les Grenadines [VCT]","Disponibilité alimentaire (Kcal/personne/jour)","Viande de Volailles [S2734]","kcal/personne/jour","351.71","Valeur estimée",""
"Sainte-Lucie [LCA]","Disponibilité alimentaire (Kcal/personne/jour)","Total General [S2901]","kcal/personne/jour","2721","Valeur estimée",""
"Sainte-Lucie [LCA]","Disponibilité alimentaire (Kcal/personne/jour)","Viande de Volailles [S2734]","kcal/personne/jour","244.78","Valeur estimée",""
"Samoa [WSM]","Disponibilité alimentaire (Kcal/personne/jour)","Total General [S2901]","kcal/personne/jour","3063","Valeur estimée",""
"Samoa [WSM]","Disponibilité alimentaire (Kcal/personne/jour)","Viande de Volailles [S2734]","kcal/personne/jour","279.07","Valeur estimée",""
"Sao Tomé-et-Principe [STP]","Disponibilité alimentaire (Kcal/personne/jour)","Total General [S2901]","kcal/personne/jour","2377","Valeur estimée",""
"Sao Tomé-et-Principe [STP]","Disponibilité alimentaire (Kcal/personne/jour)","Viande de Volailles [S2734]","kcal/personne/jour","55.59","Valeur estimée",""
"Serbie [SRB]","Disponibilité alimentaire (Kcal/personne/jour)","Total General [S2901]","kcal/personne/jour","3612","Valeur estimée",""
"Serbie [SRB]","Disponibilité alimentaire (Kcal/personne/jour)","Viande de Volailles [S2734]","kcal/personne/jour","45.5","Valeur estimée",""
"Seychelles [SYC]","Disponibilité alimentaire (Kcal/personne/jour)","Total General [S2901]","kcal/personne/jour","3222","Valeur estimée",""
"Seychelles [SYC]","Disponibilité alimentaire (Kcal/personne/jour)","Viande de Volailles [S2734]","kcal/personne/jour","158.79","Valeur estimée",""
"Sierra Leone [SLE]","Disponibilité alimentaire (Kcal/personne/jour)","Total General [S2901]","kcal/personne/jour","2317","Valeur estimée",""
"Sierra Leone [SLE]","Disponibilité alimentaire (Kcal/personne/jour)","Viande de Volailles [S2734]","kcal/personne/jour","21.25","Valeur estimée",""
"Slovaquie [SVK]","Disponibilité alimentaire (Kcal/personne/jour)","Total General [S2901]","kcal/personne/jour","2983","Valeur estimée",""
"Slovaquie [SVK]","Disponibilité alimentaire (Kcal/personne/jour)","Viande de Volailles [S2734]","kcal/personne/jour","46.52","Valeur estimée",""
"Slovénie [SVN]","Disponibilité alimentaire (Kcal/personne/jour)","Total General [S2901]","kcal/personne/jour","3094","Valeur estimée",""
"Slovénie [SVN]","Disponibilité alimentaire (Kcal/personne/jour)","Viande de Volailles [S2734]","kcal/personne/jour","96.12","Valeur estimée",""
"Somalie [SOM]","Disponibilité alimentaire (Kcal/personne/jour)","Total General [S2901]","kcal/personne/jour","1833","Valeur estimée",""
"Somalie [SOM]","Disponibilité alimentaire (Kcal/personne/jour)","Viande de Volailles [S2734]","kcal/personne/jour","3.08","Valeur estimée",""
"Soudan [SDN]","Disponibilité alimentaire (Kcal/personne/jour)","Total General [S2901]","kcal/personne/jour","2648","Valeur estimée",""
"Soudan [SDN]","Disponibilité alimentaire (Kcal/personne/jour)","Viande de Volailles [S2734]","kcal/personne/jour","6.38","Valeur estimée",""
"Soudan du Sud [SSD]","Disponibilité alimentaire (Kcal/personne/jour)","Total General [S2901]","kcal/personne/jour","2415","Valeur estimée",""
"Soudan du Sud [SSD]","Disponibilité alimentaire (Kcal/personne/jour)","Viande de Volailles [S2734]","kcal/personne/jour","18.01","Valeur estimée",""
"Sri Lanka [LKA]","Disponibilité alimentaire (Kcal/personne/jour)","Total General [S2901]","kcal/personne/jour","2802","Valeur estimée",""
"Sri Lanka [LKA]","Disponibilité alimentaire (Kcal/personne/jour)","Viande de Volailles [S2734]","kcal/personne/jour","39.39","Valeur estimée",""
"Suisse [CHE]","Disponibilité alimentaire (Kcal/personne/jour)","Total General [S2901]","kcal/personne/jour","3453","Valeur estimée",""
"Suisse [CHE]","Disponibilité alimentaire (Kcal/personne/jour)","Viande de Volailles [S2734]","kcal/personne/jour","68.06","Valeur estimée",""
"Suriname [SUR]","Disponibilité alimentaire (Kcal/personne/jour)","Total General [S2901]","kcal/personne/jour","2652","Valeur estimée",""
"Suriname [SUR]","Disponibilité alimentaire (Kcal/personne/jour)","Viande de Volailles [S2734]","kcal/personne/jour","173.37","Valeur estimée",""
"Suède [SWE]","Disponibilité alimentaire (Kcal/personne/jour)","Total General [S2901]","kcal/personne/jour","3328","Valeur estimée",""
"Suède [SWE]","Disponibilité alimentaire (Kcal/personne/jour)","Viande de Volailles [S2734]","kcal/personne/jour","63.8","Valeur estimée",""
"Sénégal [SEN]","Disponibilité alimentaire (Kcal/personne/jour)","Total General [S2901]","kcal/personne/jour","2826","Valeur estimée",""
"Sénégal [SEN]","Disponibilité alimentaire (Kcal/personne/jour)","Viande de Volailles [S2734]","kcal/personne/jour","31.38","Valeur estimée",""
"Tadjikistan [TJK]","Disponibilité alimentaire (Kcal/personne/jour)","Total General [S2901]","kcal/personne/jour","2768","Valeur estimée",""
"Tadjikistan [TJK]","Disponibilité alimentaire (Kcal/personne/jour)","Viande de Volailles [S2734]","kcal/personne/jour","10.55","Valeur estimée",""
"Tchad [TCD]","Disponibilité alimentaire (Kcal/personne/jour)","Total General [S2901]","kcal/personne/jour","2184","Valeur estimée",""
"Tchad [TCD]","Disponibilité alimentaire (Kcal/personne/jour)","Viande de Volailles [S2734]","kcal/personne/jour","1.8","Valeur estimée",""
"Tchéquie [CZE]","Disponibilité alimentaire (Kcal/personne/jour)","Total General [S2901]","kcal/personne/jour","3426","Valeur estimée",""
"Tchéquie [CZE]","Disponibilité alimentaire (Kcal/personne/jour)","Viande de Volailles [S2734]","kcal/personne/jour","91.77","Valeur estimée",""
"Thaïlande [THA]","Disponibilité alimentaire (Kcal/personne/jour)","Total General [S2901]","kcal/personne/jour","2878","Valeur estimée",""
"Thaïlande [THA]","Disponibilité alimentaire (Kcal/personne/jour)","Viande de Volailles [S2734]","kcal/personne/jour","43.44","Valeur estimée",""
"Timor-Leste [TLS]","Disponibilité alimentaire (Kcal/personne/jour)","Total General [S2901]","kcal/personne/jour","2269","Valeur estimée",""
"Timor-Leste [TLS]","Disponibilité alimentaire (Kcal/personne/jour)","Viande de Volailles [S2734]","kcal/personne/jour","20.63","Valeur estimée",""
"Togo [TGO]","Disponibilité alimentaire (Kcal/personne/jour)","Total General [S2901]","kcal/personne/jour","2596","Valeur estimée",""
"Togo [TGO]","Disponibilité alimentaire (Kcal/personne/jour)","Viande de Volailles [S2734]","kcal/personne/jour","20.63","Valeur estimée",""
"Tonga [TON]","Disponibilité alimentaire (Kcal/personne/jour)","Total General [S2901]","kcal/personne/jour","2966","Valeur estimée",""
"Tonga [TON]","Disponibilité alimentaire (Kcal/personne/jour)","Viande de Volailles [S2734]","kcal/personne/jour","342.25","Valeur estimée",""
"Trinité-et-Tobago [TTO]","Disponibilité alimentaire (Kcal/personne/jour)","Total General [S2901]","kcal/personne/jour","2916","Valeur estimée",""
"Trinité-et-Tobago [TTO]","Disponibilité alimentaire (Kcal/personne/jour)","Viande de Volailles [S2734]","kcal/personne/jour","178.69","Valeur estimée",""
"Tunisie [TUN]","Disponibilité alimentaire (Kcal/personne/jour)","Total General [S2901]","kcal/personne/jour","3472","Valeur estimée",""
"Tunisie [TUN]","Disponibilité alimentaire (Kcal/personne/jour)","Viande de Volailles [S2734]","kcal/personne/jour","69.18","Valeur estimée",""
"Turkménistan [TKM]","Disponibilité alimentaire (Kcal/personne/jour)","Total General [S2901]","kcal/personne/jour","2835","Valeur estimée",""
"Turkménistan [TKM]","Disponibilité alimentaire (Kcal/personne/jour)","Viande de Volailles [S2734]","kcal/personne/jour","42.24","Valeur estimée",""
"Tuvalu [TUV]","Disponibilité alimentaire (Kcal/personne/jour)","Total General [S2901]","kcal/personne/jour","2972","Valeur estimée",""
"Tuvalu [TUV]","Disponibilité alimentaire (Kcal/personne/jour)","Viande de Volailles [S2734]","kcal/personne/jour","160.48","Valeur estimée",""
"Türkiye [TUR]","Disponibilité alimentaire (Kcal/personne/jour)","Total General [S2901]","kcal/personne/jour","3861","Valeur estimée",""
"Türkiye [TUR]","Disponibilité alimentaire (Kcal/personne/jour)","Viande de Volailles [S2734]","kcal/personne/jour","80.86","Valeur estimée",""
"Ukraine [UKR]","Disponibilité alimentaire (Kcal/personne/jour)","Total General [S2901]","kcal/personne/jour","2851","Valeur estimée",""
"Ukraine [UKR]","Disponibilité alimentaire (Kcal/personne/jour)","Viande de Volailles [S2734]","kcal/personne/jour","87.03","Valeur estimée",""
"Uruguay [URY]","Disponibilité alimentaire (Kcal/personne/jour)","Total General [S2901]","kcal/personne/jour","3307","Valeur estimée",""
"Uruguay [URY]","Disponibilité alimentaire (Kcal/personne/jour)","Viande de Volailles [S2734]","kcal/personne/jour","90.58","Valeur estimée",""
"Vanuatu [VUT]","Disponibilité alimentaire (Kcal/personne/jour)","Total General [S2901]","kcal/personne/jour","2786","Valeur estimée",""
"Vanuatu [VUT]","Disponibilité alimentaire (Kcal/personne/jour)","Viande de Volailles [S2734]","kcal/personne/jour","61.51","Valeur estimée",""
"Venezuela (République bolivarienne du) [VEN]","Disponibilité alimentaire (Kcal/personne/jour)","Total General [S2901]","kcal/personne/jour","2318","Valeur estimée",""
"Venezuela (République bolivarienne du) [VEN]","Disponibilité alimentaire (Kcal/personne/jour)","Viande de Volailles [S2734]","kcal/personne/jour","60.51","Valeur estimée",""
"Viet Nam [VNM]","Disponibilité alimentaire (Kcal/personne/jour)","Total General [S2901]","kcal/personne/jour","3072","Valeur estimée",""
"Viet Nam [VNM]","Disponibilité alimentaire (Kcal/personne/jour)","Viande de Volailles [S2734]","kcal/personne/jour","58.54","Valeur estimée",""
"Yémen [YEM]","Disponibilité alimentaire (Kcal/personne/jour)","Total General [S2901]","kcal/personne/jour","2083","Valeur estimée",""
"Yémen [YEM]","Disponibilité alimentaire (Kcal/personne/jour)","Viande de Volailles [S2734]","kcal/personne/jour","34.21","Valeur estimée",""
"Zambie [ZMB]","Disponibilité alimentaire (Kcal/personne/jour)","Total General [S2901]","kcal/personne/jour","2158","Valeur estimée",""
"Zambie [ZMB]","Disponibilité alimentaire (Kcal/personne/jour)","Viande de Volailles [S2734]","kcal/personne/jour","18.58","Valeur estimée",""
"Zimbabwe [ZWE]","Disponibilité alimentaire (Kcal/personne/jour)","Total General [S2901]","kcal/personne/jour","2041","Valeur estimée",""
"Zimbabwe [ZWE]","Disponibilité alimentaire (Kcal/personne/jour)","Viande de Volailles [S2734]","kcal/personne/jour","27.11","Valeur estimée",""
"Égypte [EGY]","Disponibilité alimentaire (Kcal/personne/jour)","Total General [S2901]","kcal/personne/jour","3116","Valeur estimée",""
"Égypte [EGY]","Disponibilité alimentaire (Kcal/personne/jour)","Viande de Volailles [S2734]","kcal/personne/jour","90.78","Valeur estimée",""
"Émirats arabes unis [ARE]","Disponibilité alimentaire (Kcal/personne/jour)","Total General [S2901]","kcal/personne/jour","3321","Valeur estimée",""
"Émirats arabes unis [ARE]","Disponibilité alimentaire (Kcal/personne/jour)","Viande de Volailles [S2734]","kcal/personne/jour","208.4","Valeur estimée",""
"Équateur [ECU]","Disponibilité alimentaire (Kcal/personne/jour)","Total General [S2901]","kcal/personne/jour","2549","Valeur estimée",""
"Équateur [ECU]","Disponibilité alimentaire (Kcal/personne/jour)","Viande de Volailles [S2734]","kcal/personne/jour","108.6","Valeur estimée",""
"États-Unis d'Amérique [USA]","Disponibilité alimentaire (Kcal/personne/jour)","Total General [S2901]","kcal/personne/jour","3912","Valeur estimée",""
"États-Unis d'Amérique [USA]","Disponibilité alimentaire (Kcal/personne/jour)","Viande de Volailles [S2734]","kcal/personne/jour","198.23","Valeur estimée",""
"Éthiopie [ETH]","Disponibilité alimentaire (Kcal/personne/jour)","Total General [S2901]","kcal/personne/jour","2481","Valeur estimée",""
"Éthiopie [ETH]","Disponibilité alimentaire (Kcal/personne/jour)","Viande de Volailles [S2734]","kcal/personne/jour","1.49","Valeur estimée",""
"Îles Marshall [MHL]","Disponibilité alimentaire (Kcal/personne/jour)","Total General [S2901]","kcal/personne/jour","3270","Valeur estimée",""
"Îles Marshall [MHL]","Disponibilité alimentaire (Kcal/personne/jour)","Viande de Volailles [S2734]","kcal/personne/jour","280.32","Valeur estimée",""
"Îles Salomon [SLB]","Disponibilité alimentaire (Kcal/personne/jour)","Total General [S2901]","kcal/personne/jour","2306","Valeur estimée",""
"Îles Salomon [SLB]","Disponibilité alimentaire (Kcal/personne/jour)","Viande de Volailles [S2734]","kcal/personne/jour","37.84","Valeur estimée",""
"","","","","","",""
"","","","","","",""
